,avg_exo_card,tw,exo_dag,avg_indegree,dag,num_exo_vars,exo_cc,endo_dag,exo_tw,endo_tw,endo_cc,avg_endo_indegree,datasize_obs,max_exo_card,markovianity,ratio,model_file,num_vars,num_endo_vars,max_indegree
0,5.0,3.0,([0  1  2  3  4  5]  [(0 1)  (5 3)  (0 4)  (2 4)]),1.0,([0  1  2  3  4  5]  [(0 1)  (1 3)  (5 3)  (0 4)  (1 4)  (2 4)]),3,[0 2][5],([1  3  4]  [(1 3)  (1 4)]),2,1.0,[1 4][3],0.6666666666666666,1000,7,2,0.9992066271744352,random_mc2_n5_mid3_d1000_05_mr098_r10_82.uai,6,3,3
0,6.0,3.0,([0  1  2  3  4  5  6  7  8]  [(3 0)  (6 1)  (7 2)  (8 4)  (3 5)]),1.1111111111111112,([0  1  2  3  4  5  6  7  8]  [(3 0)  (0 1)  (6 1)  (4 2)  (7 2)  (1 4)  (8 4)  (1 5)  (3 5)  (4 5)]),4,[3][6][7][8],([0  1  2  4  5]  [(0 1)  (4 2)  (1 4)  (1 5)  (4 5)]),1,2.0,[0 5][1][2][4],1.0,2000,12,1,0.9975537387375604,random_mc2_n6_mid3_d1000_05_mr098_r10_23.uai,9,5,4
0,7.2,3.0,([0  1  2  3  4  5  6  7  8  9  10]  [(7 0)  (8 1)  (2 3)  (9 4)  (2 5)  (10 6)]),1.181818181818182,([0  1  2  3  4  5  6  7  8  9  10]  [(1 0)  (4 0)  (7 0)  (4 1)  (8 1)  (2 3)  (3 4)  (9 4)  (2 5)  (3 5)  (4 5)  (1 6)  (10 6)]),5,[7][8][2][9][10],([0  1  3  4  5  6]  [(1 0)  (4 0)  (4 1)  (3 4)  (3 5)  (4 5)  (1 6)]),1,2.0,[0][1][3 5][4][6],1.1666666666666667,1000,16,1,0.9912680719809214,random_mc2_n7_mid3_d1000_05_mr098_r10_47.uai,11,6,5
0,9.2,4.0,([0  1  2  3  4  5  6  7  8  9]  [(7 1)  (8 2)  (0 3)  (9 5)  (4 6)]),1.1,([0  1  2  3  4  5  6  7  8  9]  [(3 1)  (5 1)  (6 1)  (7 1)  (5 2)  (8 2)  (0 3)  (6 5)  (9 5)  (3 6)  (4 6)]),5,[0][7][8][4][9],([1  2  3  5  6]  [(3 1)  (5 1)  (6 1)  (5 2)  (6 5)  (3 6)]),1,3.0,[3][1][2][6][5],1.2,4500,32,0,0.902559525007444,random_mc2_n7_mid3_d1000_05_mr098_r10_37.uai,10,5,4
0,9.333333333333334,3.0,([0  1  2  3  4  5  6]  [(0 1)  (5 2)  (0 3)  (6 4)]),1.2857142857142858,([0  1  2  3  4  5  6]  [(0 1)  (1 2)  (5 2)  (0 3)  (1 3)  (2 3)  (1 4)  (3 4)  (6 4)]),3,[0][5][6],([1  2  3  4]  [(1 2)  (1 3)  (2 3)  (1 4)  (3 4)]),1,2.0,[1 3][2][4],1.25,2500,16,1,0.9847026370570232,random_mc2_n5_mid3_d1000_05_mr098_r10_58.uai,7,4,4
0,8.25,3.0,([0  1  2  3  4  5  6  7  8  9]  [(5 1)  (0 2)  (0 3)  (5 4)  (8 6)  (9 7)]),1.3,([0  1  2  3  4  5  6  7  8  9]  [(5 1)  (7 1)  (0 2)  (0 3)  (4 3)  (7 3)  (1 4)  (5 4)  (2 6)  (8 6)  (2 7)  (6 7)  (9 7)]),4,[0][5][8][9],([1  2  3  4  6  7]  [(7 1)  (4 3)  (7 3)  (1 4)  (2 6)  (2 7)  (6 7)]),1,2.0,[2 3][1 4][6][7],1.1666666666666667,1500,16,1,0.9839673387048156,random_mc2_n8_mid3_d1000_05_mr098_r10_29.uai,10,6,5
0,3.6666666666666665,2.0,([0  1  2  3  4  5  6]  [(2 1)  (0 3)  (6 4)  (0 5)  (2 5)]),1.0,([0  1  2  3  4  5  6]  [(2 1)  (0 3)  (5 3)  (1 4)  (6 4)  (0 5)  (2 5)]),3,[0 2][6],([1  3  4  5]  [(5 3)  (1 4)]),2,1.0,[1 3 5][4],0.5,1500,4,2,0.9877511921656364,random_mc2_n6_mid3_d1000_05_mr098_r10_77.uai,7,4,3
0,9.6,3.0,([0  1  2  3  4  5  6  7  8  9]  [(7 0)  (8 2)  (9 3)  (1 5)  (4 5)  (1 6)]),1.2,([0  1  2  3  4  5  6  7  8  9]  [(2 0)  (5 0)  (7 0)  (6 2)  (8 2)  (0 3)  (2 3)  (9 3)  (1 5)  (2 5)  (4 5)  (1 6)]),5,[7][1 4][8][9],([0  2  3  5  6]  [(2 0)  (5 0)  (6 2)  (0 3)  (2 3)  (2 5)]),2,2.0,[0][5 6][2][3],1.2,1000,16,2,0.995199304234438,random_mc2_n7_mid3_d1000_05_mr098_r10_54.uai,10,5,5
0,4.666666666666667,2.0,([0  1  2  3  4  5  6]  [(4 1)  (0 2)  (0 3)  (6 5)]),1.0,([0  1  2  3  4  5  6]  [(4 1)  (0 2)  (1 2)  (0 3)  (2 3)  (3 5)  (6 5)]),3,[0][4][6],([1  2  3  5]  [(1 2)  (2 3)  (3 5)]),1,1.0,[2 3][1][5],0.75,2500,8,1,0.9895399448516456,random_mc2_n6_mid3_d1000_05_mr098_r10_40.uai,7,4,3
0,6.75,3.0,([0  1  2  3  4  5  6  7  8]  [(7 0)  (8 2)  (5 3)  (1 4)  (5 6)]),1.1111111111111112,([0  1  2  3  4  5  6  7  8]  [(4 0)  (7 0)  (0 2)  (4 2)  (8 2)  (5 3)  (1 4)  (3 4)  (3 6)  (5 6)]),4,[7][1][8][5],([0  2  3  4  6]  [(4 0)  (0 2)  (4 2)  (3 4)  (3 6)]),1,2.0,[0][4][2][3 6],1.0,1000,16,1,0.99797527691482,random_mc2_n7_mid3_d1000_05_mr098_r10_24.uai,9,5,4
0,13.333333333333334,3.0,([0  1  2  3  4  5  6]  [(0 1)  (6 2)  (0 4)  (3 4)  (3 5)]),1.2857142857142858,([0  1  2  3  4  5  6]  [(0 1)  (4 1)  (1 2)  (5 2)  (6 2)  (0 4)  (3 4)  (5 4)  (3 5)]),3,[0 3][6],([1  2  4  5]  [(4 1)  (1 2)  (5 2)  (5 4)]),2,2.0,[1 4 5][2],1.0,1500,16,2,0.9885904445408116,random_mc2_n6_mid3_d1000_05_mr098_r10_78.uai,7,4,4
0,12.0,3.0,([0  1  2  3  4]  [(0 2)  (1 2)  (1 3)  (0 4)]),1.2,([0  1  2  3  4]  [(0 2)  (1 2)  (4 2)  (1 3)  (2 3)  (0 4)]),2,[0 1],([2  3  4]  [(4 2)  (2 3)]),2,1.0,[2 3 4],0.6666666666666666,1000,16,2,0.9948276817936992,random_mc2_n5_mid3_d1000_05_mr098_r10_57.uai,5,3,4
0,10.666666666666666,,([0  1  2  3  4  5  6  7  8  9  10  11]  [(8 0)  (1 2)  (4 2)  (1 3)  (9 5)  (10 6)  (11 7)]),1.25,([0  1  2  3  4  5  6  7  8  9  10  11]  [(6 0)  (8 0)  (1 2)  (3 2)  (4 2)  (1 3)  (2 5)  (7 5)  (9 5)  (2 6)  (3 6)  (10 6)  (0 7)  (3 7)  (11 7)]),6,[8][1 4][9][10][11],([0  2  3  5  6  7]  [(6 0)  (3 2)  (2 5)  (7 5)  (2 6)  (3 6)  (0 7)  (3 7)]),2,,[0][2 3][5][6][7],1.3333333333333333,4500,16,2,0.9963347762772856,random_mc2_n8_mid3_d1000_05_mr098_r10_26.uai,12,6,5
0,12.8,3.0,([0  1  2  3  4  5  6  7  8  9  10  11]  [(5 0)  (4 1)  (5 2)  (9 3)  (4 6)  (10 7)  (11 8)]),1.25,([0  1  2  3  4  5  6  7  8  9  10  11]  [(5 0)  (4 1)  (5 2)  (6 2)  (2 3)  (7 3)  (9 3)  (0 6)  (4 6)  (0 7)  (2 7)  (10 7)  (1 8)  (6 8)  (11 8)]),5,[5][4][9][10][11],([0  1  2  3  6  7  8]  [(6 2)  (2 3)  (7 3)  (0 6)  (0 7)  (2 7)  (1 8)  (6 8)]),1,2.0,[0 2][1 6][3][7][8],1.1428571428571428,2000,16,1,0.9816981779658164,random_mc2_n9_mid3_d1000_05_mr098_r10_32.uai,12,7,4
0,6.5,3.0,([0  1  2  3  4  5  6  7]  [(1 0)  (5 2)  (6 3)  (7 4)]),1.0,([0  1  2  3  4  5  6  7]  [(1 0)  (0 2)  (4 2)  (5 2)  (0 3)  (6 3)  (3 4)  (7 4)]),4,[1][5][6][7],([0  2  3  4]  [(0 2)  (4 2)  (0 3)  (3 4)]),1,2.0,[0][2][3][4],1.0,1000,16,0,0.9983871094870096,random_mc2_n5_mid3_d1000_05_mr098_r10_60.uai,8,4,3
0,8.0,3.0,([0  1  2  3  4  5  6]  [(1 0)  (5 2)  (6 3)  (1 4)]),1.1428571428571428,([0  1  2  3  4  5  6]  [(1 0)  (2 0)  (4 2)  (5 2)  (2 3)  (4 3)  (6 3)  (1 4)]),3,[1][5][6],([0  2  3  4]  [(2 0)  (4 2)  (2 3)  (4 3)]),1,2.0,[0 4][2][3],1.0,1500,16,1,0.99709020437959,random_mc2_n5_mid3_d1000_05_mr098_r10_27.uai,7,4,4
0,8.666666666666666,,([0  1  2  3  4  5  6]  [(3 0)  (4 0)  (6 1)  (3 2)  (4 5)]),1.1428571428571428,([0  1  2  3  4  5  6]  [(3 0)  (4 0)  (2 1)  (5 1)  (6 1)  (0 2)  (3 2)  (4 5)]),3,[3 4][6],([0  1  2  5]  [(2 1)  (5 1)  (0 2)]),2,2.0,[0 2 5][1],0.75,1000,16,2,0.9916165466571296,random_mc2_n6_mid3_d1000_05_mr098_r10_86.uai,7,4,3
0,7.666666666666667,,([0  1  2  3  4  5  6  7  8  9  10  11]  [(7 0)  (8 2)  (9 3)  (1 4)  (10 5)  (11 6)]),1.0833333333333333,([0  1  2  3  4  5  6  7  8  9  10  11]  [(4 0)  (7 0)  (4 2)  (6 2)  (8 2)  (0 3)  (9 3)  (1 4)  (2 5)  (6 5)  (10 5)  (3 6)  (11 6)]),6,[7][1][8][9][10][11],([0  2  3  4  5  6]  [(4 0)  (4 2)  (6 2)  (0 3)  (2 5)  (6 5)  (3 6)]),1,,[0][4][2][3][5][6],1.1666666666666667,1000,16,0,0.9936945908797732,random_mc2_n7_mid3_d1000_05_mr098_r10_81.uai,12,6,4
0,9.0,3.0,([0  1  2  3  4]  [(0 1)  (2 3)  (2 4)]),1.2,([0  1  2  3  4]  [(0 1)  (1 3)  (2 3)  (4 3)  (1 4)  (2 4)]),2,[0][2],([1  3  4]  [(1 3)  (4 3)  (1 4)]),1,2.0,[1][3 4],1.0,2500,16,1,0.9808234082569866,random_mc2_n5_mid3_d1000_05_mr098_r10_44.uai,5,3,3
0,4.0,2.0,([0  1  2  3  4  5  6]  [(0 1)  (5 2)  (6 3)  (0 4)]),0.8571428571428571,([0  1  2  3  4  5  6]  [(0 1)  (3 2)  (5 2)  (4 3)  (6 3)  (0 4)]),3,[0][5][6],([1  2  3  4]  [(3 2)  (4 3)]),1,1.0,[1 4][2][3],0.5,1000,4,1,0.9996834373230185,random_mc2_n5_mid3_d1000_05_mr098_r10_2.uai,7,4,3
0,12.4,3.0,([0  1  2  3  4  5  6  7  8  9  10]  [(7 0)  (8 1)  (4 2)  (4 3)  (9 5)  (10 6)]),1.181818181818182,([0  1  2  3  4  5  6  7  8  9  10]  [(7 0)  (0 1)  (8 1)  (0 2)  (4 2)  (0 3)  (1 3)  (4 3)  (3 5)  (9 5)  (2 6)  (3 6)  (10 6)]),5,[7][8][4][9][10],([0  1  2  3  5  6]  [(0 1)  (0 2)  (0 3)  (1 3)  (3 5)  (2 6)  (3 6)]),1,2.0,[0][1][2 3][5][6],1.1666666666666667,3000,36,1,0.9657792154085748,random_mc2_n8_mid3_d1000_05_mr098_r10_1.uai,11,6,5
0,10.666666666666666,3.0,([0  1  2  3  4  5  6  7  8  9  10  11  12]  [(8 0)  (9 2)  (10 3)  (11 4)  (1 5)  (12 6)  (1 7)]),1.3076923076923077,([0  1  2  3  4  5  6  7  8  9  10  11  12]  [(5 0)  (6 0)  (8 0)  (5 2)  (7 2)  (9 2)  (2 3)  (10 3)  (0 4)  (6 4)  (11 4)  (1 5)  (5 6)  (12 6)  (1 7)  (5 7)  (6 7)]),6,[8][1][9][10][11][12],([0  2  3  4  5  6  7]  [(5 0)  (6 0)  (5 2)  (7 2)  (2 3)  (0 4)  (6 4)  (5 6)  (5 7)  (6 7)]),1,2.0,[0][5 7][2][3][4][6],1.4285714285714286,1500,16,1,0.9950553217063124,random_mc2_n8_mid3_d1000_05_mr098_r10_45.uai,13,7,5
0,4.0,3.0,([0  1  2  3  4]  [(1 0)  (1 3)  (2 4)]),1.0,([0  1  2  3  4]  [(1 0)  (0 3)  (1 3)  (4 3)  (2 4)]),2,[1][2],([0  3  4]  [(0 3)  (4 3)]),1,2.0,[0 3][4],0.6666666666666666,2000,6,1,0.9892137630137195,random_mc2_n5_mid3_d1000_05_mr098_r10_34.uai,5,3,3
0,3.333333333333333,2.0,([0  1  2  3  4  5]  [(5 0)  (1 2)  (4 2)  (1 3)]),0.8333333333333334,([0  1  2  3  4  5]  [(3 0)  (5 0)  (1 2)  (4 2)  (1 3)]),3,[5][1 4],([0  2  3]  [(3 0)]),2,1.0,[0][2 3],0.3333333333333333,1000,4,2,0.9974625293209144,random_mc2_n5_mid3_d1000_05_mr098_r10_73.uai,6,3,2
0,8.0,3.0,([0  1  2  3  4  5  6  7  8]  [(5 0)  (6 1)  (7 2)  (5 3)  (8 4)]),1.2222222222222223,([0  1  2  3  4  5  6  7  8]  [(5 0)  (0 1)  (6 1)  (0 2)  (1 2)  (7 2)  (0 3)  (4 3)  (5 3)  (0 4)  (8 4)]),4,[5][6][7][8],([0  1  2  3  4]  [(0 1)  (0 2)  (1 2)  (0 3)  (4 3)  (0 4)]),1,2.0,[0 3][1][2][4],1.2,4000,16,1,0.989970170433328,random_mc2_n6_mid3_d1000_05_mr098_r10_95.uai,9,5,5
0,10.666666666666666,3.0,([0  1  2  3  4  5  6  7]  [(5 0)  (2 1)  (2 3)  (7 4)  (5 6)]),1.25,([0  1  2  3  4  5  6  7]  [(5 0)  (0 1)  (2 1)  (3 1)  (2 3)  (1 4)  (3 4)  (7 4)  (1 6)  (5 6)]),3,[5][2][7],([0  1  3  4  6]  [(0 1)  (3 1)  (1 4)  (3 4)  (1 6)]),1,2.0,[0 6][1 3][4],1.0,1000,16,1,0.9880838623740658,random_mc2_n7_mid3_d1000_05_mr098_r10_44.uai,8,5,5
0,3.5,2.0,([0  1  2  3  4  5  6  7]  [(1 0)  (5 2)  (6 3)  (7 4)]),0.875,([0  1  2  3  4  5  6  7]  [(1 0)  (3 2)  (5 2)  (0 3)  (6 3)  (3 4)  (7 4)]),4,[1][5][6][7],([0  2  3  4]  [(3 2)  (0 3)  (3 4)]),1,1.0,[0][2][3][4],0.75,1000,4,0,0.998359511353044,random_mc2_n5_mid3_d1000_05_mr098_r10_48.uai,8,4,4
0,6.333333333333333,3.0,([0  1  2  3  4  5  6  7  8  9  10  11]  [(8 0)  (1 2)  (9 3)  (10 4)  (1 5)  (7 5)  (11 6)]),1.0833333333333333,([0  1  2  3  4  5  6  7  8  9  10  11]  [(2 0)  (3 0)  (8 0)  (1 2)  (6 3)  (9 3)  (2 4)  (10 4)  (1 5)  (2 5)  (7 5)  (2 6)  (11 6)]),6,[8][1 7][9][10][11],([0  2  3  4  5  6]  [(2 0)  (3 0)  (6 3)  (2 4)  (2 5)  (2 6)]),2,2.0,[0][2 5][3][4][6],1.0,1000,16,2,0.9962784894606148,random_mc2_n8_mid3_d1000_05_mr098_r10_39.uai,12,6,5
0,7.333333333333333,3.0,([0  1  2  3  4  5]  [(4 0)  (5 1)  (2 3)  (4 3)]),1.1666666666666667,([0  1  2  3  4  5]  [(1 0)  (3 0)  (4 0)  (3 1)  (5 1)  (2 3)  (4 3)]),3,[2 4][5],([0  1  3]  [(1 0)  (3 0)  (3 1)]),2,2.0,[0 3][1],1.0,2500,16,2,0.9967762453850546,random_mc2_n5_mid3_d1000_05_mr098_r10_81.uai,6,3,4
0,3.5,3.0,([0  1  2  3  4  5  6]  [(6 1)  (5 2)  (0 4)  (3 4)  (5 4)]),1.0,([0  1  2  3  4  5  6]  [(4 1)  (6 1)  (4 2)  (5 2)  (0 4)  (3 4)  (5 4)]),4,[0 3 5][6],([1  2  4]  [(4 1)  (4 2)]),3,1.0,[2 4][1],0.6666666666666666,1000,6,2,0.9990935349019292,random_mc2_n6_mid3_d1000_05_mr098_r10_67.uai,7,3,5
0,7.2,3.0,([0  1  2  3  4  5  6  7  8  9  10]  [(7 1)  (0 2)  (0 3)  (8 4)  (9 5)  (10 6)]),1.181818181818182,([0  1  2  3  4  5  6  7  8  9  10]  [(4 1)  (6 1)  (7 1)  (0 2)  (0 3)  (2 3)  (5 4)  (8 4)  (2 5)  (9 5)  (3 6)  (5 6)  (10 6)]),5,[0][7][8][9][10],([1  2  3  4  5  6]  [(4 1)  (6 1)  (2 3)  (5 4)  (2 5)  (3 6)  (5 6)]),1,2.0,[2 3][1][4][5][6],1.1666666666666667,1000,16,1,0.9975816615508892,random_mc2_n7_mid3_d1000_05_mr098_r10_34.uai,11,6,4
0,5.333333333333333,2.0,([0  1  2  3  4  5  6]  [(1 0)  (6 2)  (1 3)  (4 5)]),1.0,([0  1  2  3  4  5  6]  [(1 0)  (3 0)  (5 2)  (6 2)  (1 3)  (2 3)  (4 5)]),3,[1][6][4],([0  2  3  5]  [(3 0)  (5 2)  (2 3)]),1,1.0,[0 3][2][5],0.75,1500,10,1,0.9906272108295772,random_mc2_n6_mid3_d1000_05_mr098_r10_17.uai,7,4,3
0,9.0,3.0,([0  1  2  3  4  5  6  7]  [(0 1)  (5 1)  (0 2)  (5 2)  (6 3)  (7 4)]),1.25,([0  1  2  3  4  5  6  7]  [(0 1)  (4 1)  (5 1)  (0 2)  (5 2)  (2 3)  (4 3)  (6 3)  (2 4)  (7 4)]),4,[0 5][6][7],([1  2  3  4]  [(4 1)  (2 3)  (4 3)  (2 4)]),2,2.0,[1 2][3][4],1.0,1000,16,2,0.9956228201096956,random_mc2_n6_mid3_d1000_05_mr098_r10_50.uai,8,4,4
0,4.0,2.0,([0  1  2  3  4  5  6]  [(5 0)  (4 1)  (5 2)  (6 3)]),0.8571428571428571,([0  1  2  3  4  5  6]  [(5 0)  (3 1)  (4 1)  (5 2)  (2 3)  (6 3)]),3,[5][4][6],([0  1  2  3]  [(3 1)  (2 3)]),1,1.0,[0 2][1][3],0.5,1000,4,1,0.9947130363662224,random_mc2_n6_mid3_d1000_05_mr098_r10_99.uai,7,4,3
0,11.6,3.0,([0  1  2  3  4  5  6  7  8  9]  [(1 0)  (5 0)  (7 0)  (5 2)  (8 3)  (9 4)  (1 6)]),1.2,([0  1  2  3  4  5  6  7  8  9]  [(1 0)  (5 0)  (7 0)  (4 2)  (5 2)  (6 2)  (2 3)  (6 3)  (8 3)  (6 4)  (9 4)  (1 6)]),5,[1 5 7][8][9],([0  2  3  4  6]  [(4 2)  (6 2)  (2 3)  (6 3)  (6 4)]),3,2.0,[0 2 6][3][4],1.0,1000,32,2,0.9859347413762236,random_mc2_n8_mid3_d1000_05_mr098_r10_49.uai,10,5,4
0,4.0,2.0,([0  1  2  3  4]  [(2 0)  (2 3)  (1 4)]),1.0,([0  1  2  3  4]  [(2 0)  (4 0)  (0 3)  (2 3)  (1 4)]),2,[2][1],([0  3  4]  [(4 0)  (0 3)]),1,1.0,[0 3][4],0.6666666666666666,1000,6,1,0.9984783880785004,random_mc2_n5_mid3_d1000_05_mr098_r10_38.uai,5,3,3
0,9.0,3.0,([0  1  2  3  4  5  6  7  8]  [(7 1)  (0 2)  (5 2)  (8 3)  (5 4)  (0 6)]),1.2222222222222223,([0  1  2  3  4  5  6  7  8]  [(2 1)  (7 1)  (0 2)  (5 2)  (1 3)  (6 3)  (8 3)  (1 4)  (5 4)  (0 6)  (1 6)]),4,[0 5][7][8],([1  2  3  4  6]  [(2 1)  (1 3)  (6 3)  (1 4)  (1 6)]),2,2.0,[2 4 6][1][3],1.0,4000,16,2,0.9973217641548422,random_mc2_n7_mid3_d1000_05_mr098_r10_10.uai,9,5,5
0,4.666666666666667,2.0,([0  1  2  3  4  5  6]  [(3 0)  (3 1)  (5 2)  (6 4)]),1.0,([0  1  2  3  4  5  6]  [(2 0)  (3 0)  (3 1)  (1 2)  (5 2)  (0 4)  (6 4)]),3,[3][5][6],([0  1  2  4]  [(2 0)  (1 2)  (0 4)]),1,1.0,[0 1][2][4],0.75,1500,8,1,0.982849442027477,random_mc2_n5_mid3_d1000_05_mr098_r10_92.uai,7,4,3
0,9.5,3.0,([0  1  2  3  4  5  6  7]  [(6 0)  (2 1)  (3 1)  (2 4)  (3 4)  (7 5)]),1.25,([0  1  2  3  4  5  6  7]  [(1 0)  (4 0)  (6 0)  (2 1)  (3 1)  (2 4)  (3 4)  (1 5)  (4 5)  (7 5)]),4,[6][2 3][7],([0  1  4  5]  [(1 0)  (4 0)  (1 5)  (4 5)]),2,2.0,[0][1 4][5],1.0,1500,16,2,0.9933526909556876,random_mc2_n6_mid3_d1000_05_mr098_r10_74.uai,8,4,4
0,9.75,3.0,([0  1  2  3  4  5  6  7  8]  [(1 2)  (7 3)  (0 4)  (8 5)  (1 6)]),1.2222222222222223,([0  1  2  3  4  5  6  7  8]  [(1 2)  (6 2)  (4 3)  (6 3)  (7 3)  (0 4)  (2 4)  (2 5)  (4 5)  (8 5)  (1 6)]),4,[0][1][7][8],([2  3  4  5  6]  [(6 2)  (4 3)  (6 3)  (2 4)  (2 5)  (4 5)]),1,2.0,[4][2 6][3][5],1.2,1000,16,1,0.997091921822098,random_mc2_n7_mid3_d1000_05_mr098_r10_2.uai,9,5,4
0,9.333333333333334,3.0,([0  1  2  3  4  5]  [(4 0)  (5 1)  (2 3)  (4 3)]),1.1666666666666667,([0  1  2  3  4  5]  [(4 0)  (0 1)  (3 1)  (5 1)  (0 3)  (2 3)  (4 3)]),3,[2 4][5],([0  1  3]  [(0 1)  (3 1)  (0 3)]),2,2.0,[0 3][1],1.0,2000,16,2,0.980461798032164,random_mc2_n5_mid3_d1000_05_mr098_r10_54.uai,6,3,4
0,24.0,3.0,([0  1  2  3  4  5  6]  [(1 0)  (4 0)  (6 2)  (4 3)  (6 5)]),1.2857142857142858,([0  1  2  3  4  5  6]  [(1 0)  (4 0)  (5 0)  (6 2)  (0 3)  (2 3)  (4 3)  (2 5)  (6 5)]),3,[1 4][6],([0  2  3  5]  [(5 0)  (0 3)  (2 3)  (2 5)]),2,2.0,[0 3][2 5],1.0,1000,64,2,0.9916497466405592,random_mc2_n7_mid3_d1000_05_mr098_r10_91.uai,7,4,4
0,4.857142857142857,3.0,([0  1  2  3  4  5  6  7  8  9  10  11  12  13]  [(8 0)  (9 1)  (10 2)  (11 3)  (5 4)  (12 6)  (13 7)]),1.0714285714285714,([0  1  2  3  4  5  6  7  8  9  10  11  12  13]  [(6 0)  (8 0)  (2 1)  (9 1)  (4 2)  (10 2)  (4 3)  (6 3)  (11 3)  (5 4)  (2 6)  (12 6)  (1 7)  (2 7)  (13 7)]),7,[8][9][10][11][5][12][13],([0  1  2  3  4  6  7]  [(6 0)  (2 1)  (4 2)  (4 3)  (6 3)  (2 6)  (1 7)  (2 7)]),1,2.0,[0][1][2][3][4][6][7],1.1428571428571428,1000,8,0,0.995420323943988,random_mc2_n8_mid3_d1000_05_mr098_r10_12.uai,14,7,5
0,3.0,2.0,([0  1  2  3  4  5]  [(2 1)  (5 3)  (0 4)]),0.8333333333333334,([0  1  2  3  4  5]  [(2 1)  (3 1)  (4 3)  (5 3)  (0 4)]),3,[0][2][5],([1  3  4]  [(3 1)  (4 3)]),1,1.0,[4][1][3],0.6666666666666666,1000,4,0,0.9980536602766948,random_mc2_n5_mid3_d1000_05_mr098_r10_63.uai,6,3,3
0,8.666666666666666,3.0,([0  1  2  3  4  5  6]  [(2 0)  (5 1)  (6 3)  (2 4)]),1.1428571428571428,([0  1  2  3  4  5  6]  [(2 0)  (3 0)  (4 1)  (5 1)  (1 3)  (4 3)  (6 3)  (2 4)]),3,[2][5][6],([0  1  3  4]  [(3 0)  (4 1)  (1 3)  (4 3)]),1,2.0,[0 4][1][3],1.0,1500,16,1,0.9867698280422128,random_mc2_n5_mid3_d1000_05_mr098_r10_24.uai,7,4,4
0,25.33333333333333,3.0,([0  1  2  3  4  5  6]  [(3 0)  (5 0)  (5 1)  (3 2)  (6 4)]),1.2857142857142858,([0  1  2  3  4  5  6]  [(2 0)  (3 0)  (5 0)  (0 1)  (4 1)  (5 1)  (3 2)  (2 4)  (6 4)]),3,[3 5][6],([0  1  2  4]  [(2 0)  (0 1)  (4 1)  (2 4)]),2,2.0,[0 1 2][4],1.0,2000,64,2,0.9943800332933022,random_mc2_n6_mid3_d1000_05_mr098_r10_85.uai,7,4,4
0,12.0,3.0,([0  1  2  3  4  5  6  7  8  9  10]  [(7 0)  (8 1)  (6 2)  (6 3)  (9 4)  (10 5)]),1.3636363636363635,([0  1  2  3  4  5  6  7  8  9  10]  [(1 0)  (4 0)  (7 0)  (3 1)  (4 1)  (8 1)  (3 2)  (4 2)  (6 2)  (6 3)  (3 4)  (9 4)  (1 5)  (4 5)  (10 5)]),5,[7][8][6][9][10],([0  1  2  3  4  5]  [(1 0)  (4 0)  (3 1)  (4 1)  (3 2)  (4 2)  (3 4)  (1 5)  (4 5)]),1,2.0,[0][1][2 3][4][5],1.5,1000,16,1,0.9842001127111132,random_mc2_n7_mid3_d1000_05_mr098_r10_28.uai,11,6,6
0,7.0,3.0,([0  1  2  3  4  5  6  7  8]  [(3 0)  (6 1)  (7 2)  (8 4)  (3 5)]),1.2222222222222223,([0  1  2  3  4  5  6  7  8]  [(3 0)  (0 1)  (5 1)  (6 1)  (0 2)  (7 2)  (2 4)  (8 4)  (0 5)  (3 5)  (4 5)]),4,[3][6][7][8],([0  1  2  4  5]  [(0 1)  (5 1)  (0 2)  (2 4)  (0 5)  (4 5)]),1,2.0,[0 5][1][2][4],1.2,1000,16,1,0.9945746100511612,random_mc2_n6_mid3_d1000_05_mr098_r10_68.uai,9,5,4
0,4.0,3.0,([0  1  2  3  4]  [(0 2)  (1 3)  (1 4)]),1.0,([0  1  2  3  4]  [(0 2)  (1 3)  (2 3)  (4 3)  (1 4)]),2,[0][1],([2  3  4]  [(2 3)  (4 3)]),1,2.0,[2][3 4],0.6666666666666666,2000,6,1,0.985654161720662,random_mc2_n5_mid3_d1000_05_mr098_r10_47.uai,5,3,3
0,8.666666666666666,3.0,([0  1  2  3  4  5]  [(5 0)  (1 2)  (3 2)  (1 4)]),1.1666666666666667,([0  1  2  3  4  5]  [(2 0)  (5 0)  (1 2)  (3 2)  (0 4)  (1 4)  (2 4)]),3,[5][1 3],([0  2  4]  [(2 0)  (0 4)  (2 4)]),2,2.0,[0][2 4],1.0,1000,20,2,0.985861127867508,random_mc2_n5_mid3_d1000_05_mr098_r10_1.uai,6,3,4
0,5.333333333333333,3.0,([0  1  2  3  4  5]  [(1 0)  (4 0)  (5 2)  (4 3)]),1.0,([0  1  2  3  4  5]  [(1 0)  (3 0)  (4 0)  (3 2)  (5 2)  (4 3)]),3,[1 4][5],([0  2  3]  [(3 0)  (3 2)]),2,1.0,[0 3][2],0.6666666666666666,1000,8,2,0.9977931831727764,random_mc2_n5_mid3_d1000_05_mr098_r10_70.uai,6,3,3
0,6.0,3.0,([0  1  2  3  4  5  6  7  8  9]  [(6 1)  (7 2)  (0 3)  (8 4)  (9 5)]),1.0,([0  1  2  3  4  5  6  7  8  9]  [(3 1)  (6 1)  (3 2)  (7 2)  (0 3)  (3 4)  (8 4)  (2 5)  (3 5)  (9 5)]),5,[0][6][7][8][9],([1  2  3  4  5]  [(3 1)  (3 2)  (3 4)  (2 5)  (3 5)]),1,2.0,[3][1][2][4][5],1.0,1000,16,0,0.997413075223879,random_mc2_n6_mid3_d1000_05_mr098_r10_18.uai,10,5,5
0,6.0,3.0,([0  1  2  3  4  5]  [(1 0)  (2 3)  (1 4)  (2 5)]),1.3333333333333333,([0  1  2  3  4  5]  [(1 0)  (4 0)  (2 3)  (4 3)  (5 3)  (1 4)  (2 5)  (4 5)]),2,[1][2],([0  3  4  5]  [(4 0)  (4 3)  (5 3)  (4 5)]),1,2.0,[0 4][3 5],1.0,1000,8,1,0.9962181365347852,random_mc2_n6_mid3_d1000_05_mr098_r10_96.uai,6,4,4
0,10.0,4.0,([0  1  2  3  4  5  6  7  8  9  10]  [(7 0)  (3 1)  (8 2)  (9 4)  (10 5)  (3 6)]),1.2727272727272727,([0  1  2  3  4  5  6  7  8  9  10]  [(7 0)  (3 1)  (4 2)  (6 2)  (8 2)  (0 4)  (6 4)  (9 4)  (0 5)  (4 5)  (6 5)  (10 5)  (0 6)  (3 6)]),5,[7][3][8][9][10],([0  1  2  4  5  6]  [(4 2)  (6 2)  (0 4)  (6 4)  (0 5)  (4 5)  (6 5)  (0 6)]),1,3.0,[0][1 6][2][4][5],1.3333333333333333,1000,16,1,0.9852640200171132,random_mc2_n8_mid3_d1000_05_mr098_r10_2.uai,11,6,5
0,11.333333333333334,3.0,([0  1  2  3  4  5  6]  [(5 0)  (6 1)  (2 3)  (2 4)]),1.1428571428571428,([0  1  2  3  4  5  6]  [(5 0)  (3 1)  (4 1)  (6 1)  (0 3)  (2 3)  (0 4)  (2 4)]),3,[5][6][2],([0  1  3  4]  [(3 1)  (4 1)  (0 3)  (0 4)]),1,2.0,[0][1][3 4],1.0,1500,16,1,0.9858539794403638,random_mc2_n6_mid3_d1000_05_mr098_r10_12.uai,7,4,3
0,8.666666666666666,3.0,([0  1  2  3  4  5  6  7  8  9  10  11  12]  [(8 0)  (9 1)  (10 2)  (6 3)  (11 4)  (12 5)  (6 7)]),1.1538461538461535,([0  1  2  3  4  5  6  7  8  9  10  11  12]  [(3 0)  (8 0)  (7 1)  (9 1)  (0 2)  (1 2)  (10 2)  (1 3)  (6 3)  (7 4)  (11 4)  (0 5)  (1 5)  (12 5)  (6 7)]),6,[8][9][10][6][11][12],([0  1  2  3  4  5  7]  [(3 0)  (7 1)  (0 2)  (1 2)  (1 3)  (7 4)  (0 5)  (1 5)]),1,2.0,[0][1][2][3 7][4][5],1.1428571428571428,3500,16,1,0.9956876330154082,random_mc2_n8_mid3_d1000_05_mr098_r10_85.uai,13,7,5
0,5.333333333333333,3.0,([0  1  2  3  4  5]  [(5 2)  (1 3)  (0 4)  (1 4)]),1.0,([0  1  2  3  4  5]  [(3 2)  (5 2)  (1 3)  (0 4)  (1 4)  (2 4)]),3,[0 1][5],([2  3  4]  [(3 2)  (2 4)]),2,1.0,[3 4][2],0.6666666666666666,1500,8,2,0.988000176453706,random_mc2_n5_mid3_d1000_05_mr098_r10_84.uai,6,3,3
0,12.666666666666666,3.0,([0  1  2  3  4  5]  [(0 2)  (1 2)  (4 2)  (4 3)  (0 5)]),1.1666666666666667,([0  1  2  3  4  5]  [(0 2)  (1 2)  (4 2)  (2 3)  (4 3)  (5 3)  (0 5)]),3,[0 1 4],([2  3  5]  [(2 3)  (5 3)]),3,2.0,[2 3 5],0.6666666666666666,1000,32,2,0.9958367348252004,random_mc2_n6_mid3_d1000_05_mr098_r10_25.uai,6,3,4
0,5.333333333333333,3.0,([0  1  2  3  4  5]  [(2 0)  (3 0)  (1 4)  (2 4)  (3 5)]),1.0,([0  1  2  3  4  5]  [(2 0)  (3 0)  (0 4)  (1 4)  (2 4)  (3 5)]),3,[1 2 3],([0  4  5]  [(0 4)]),2,1.0,[0 4 5],0.3333333333333333,2000,8,2,0.9940782963045224,random_mc2_n6_mid3_d1000_05_mr098_r10_62.uai,6,3,3
0,9.166666666666666,3.0,([0  1  2  3  4  5  6  7  8  9  10  11  12]  [(9 1)  (7 2)  (10 3)  (11 4)  (12 5)  (0 6)  (7 8)]),1.2307692307692308,([0  1  2  3  4  5  6  7  8  9  10  11  12]  [(5 1)  (8 1)  (9 1)  (7 2)  (2 3)  (8 3)  (10 3)  (2 4)  (5 4)  (11 4)  (2 5)  (12 5)  (0 6)  (5 6)  (4 8)  (7 8)]),6,[0][9][7][10][11][12],([1  2  3  4  5  6  8]  [(5 1)  (8 1)  (2 3)  (8 3)  (2 4)  (5 4)  (2 5)  (5 6)  (4 8)]),1,3.0,[6][1][2 8][3][4][5],1.2857142857142858,4000,16,1,0.987484661764808,random_mc2_n9_mid3_d1000_05_mr098_r10_91.uai,13,7,5
0,5.5,3.0,([0  1  2  3  4  5  6  7  8]  [(6 1)  (7 2)  (8 3)  (0 4)  (0 5)]),1.2222222222222223,([0  1  2  3  4  5  6  7  8]  [(5 1)  (6 1)  (1 2)  (5 2)  (7 2)  (1 3)  (8 3)  (0 4)  (1 4)  (5 4)  (0 5)]),4,[0][6][7][8],([1  2  3  4  5]  [(5 1)  (1 2)  (5 2)  (1 3)  (1 4)  (5 4)]),1,2.0,[4 5][1][2][3],1.2,2000,8,1,0.9933356092221384,random_mc2_n6_mid3_d1000_05_mr098_r10_46.uai,9,5,5
0,10.666666666666666,3.0,([0  1  2  3  4  5  6  7]  [(7 0)  (2 1)  (6 3)  (2 4)  (6 5)]),1.375,([0  1  2  3  4  5  6  7]  [(1 0)  (3 0)  (7 0)  (2 1)  (1 3)  (4 3)  (6 3)  (2 4)  (5 4)  (1 5)  (6 5)]),3,[7][2][6],([0  1  3  4  5]  [(1 0)  (3 0)  (1 3)  (4 3)  (5 4)  (1 5)]),1,2.0,[0][1 4][3 5],1.2,3500,16,1,0.9910110784401792,random_mc2_n7_mid3_d1000_05_mr098_r10_22.uai,8,5,4
0,6.4,,([0  1  2  3  4  5  6  7  8  9  10]  [(7 0)  (2 1)  (8 3)  (9 4)  (2 5)  (10 6)]),1.0909090909090908,([0  1  2  3  4  5  6  7  8  9  10]  [(4 0)  (5 0)  (7 0)  (2 1)  (6 3)  (8 3)  (6 4)  (9 4)  (1 5)  (2 5)  (1 6)  (10 6)]),5,[7][2][8][9][10],([0  1  3  4  5  6]  [(4 0)  (5 0)  (6 3)  (6 4)  (1 5)  (1 6)]),1,,[0][1 5][3][4][6],1.0,1000,16,1,0.995778791692665,random_mc2_n7_mid3_d1000_05_mr098_r10_65.uai,11,6,4
0,12.666666666666666,3.0,([0  1  2  3  4  5  6  7  8  9  10  11  12  13]  [(1 0)  (10 2)  (3 4)  (3 5)  (11 6)  (12 7)  (13 8)  (1 9)]),1.3571428571428572,([0  1  2  3  4  5  6  7  8  9  10  11  12  13]  [(1 0)  (4 2)  (6 2)  (10 2)  (3 4)  (2 5)  (3 5)  (6 5)  (9 6)  (11 6)  (5 7)  (6 7)  (12 7)  (2 8)  (7 8)  (13 8)  (0 9)  (1 9)  (4 9)]),6,[1][10][3][11][12][13],([0  2  4  5  6  7  8  9]  [(4 2)  (6 2)  (2 5)  (6 5)  (9 6)  (5 7)  (6 7)  (2 8)  (7 8)  (0 9)  (4 9)]),1,3.0,[0 9][2][4 5][6][7][8],1.375,1000,16,1,0.9863724062551552,random_mc2_n10_mid3_d1000_05_mr098_r10_51.uai,14,8,5
0,4.666666666666667,3.0,([0  1  2  3  4  5  6  7  8  9  10  11  12]  [(8 1)  (9 2)  (10 3)  (0 4)  (11 5)  (0 6)  (12 7)]),1.1538461538461535,([0  1  2  3  4  5  6  7  8  9  10  11  12]  [(5 1)  (8 1)  (3 2)  (9 2)  (4 3)  (10 3)  (0 4)  (5 4)  (6 4)  (6 5)  (11 5)  (0 6)  (3 7)  (5 7)  (12 7)]),6,[0][8][9][10][11][12],([1  2  3  4  5  6  7]  [(5 1)  (3 2)  (4 3)  (5 4)  (6 4)  (6 5)  (3 7)  (5 7)]),1,2.0,[4 6][1][2][3][5][7],1.1428571428571428,1000,8,1,0.995896926840577,random_mc2_n8_mid3_d1000_05_mr098_r10_68.uai,13,7,5
0,6.666666666666667,3.0,([0  1  2  3  4  5]  [(1 0)  (4 0)  (5 2)  (1 3)  (4 3)]),1.1666666666666667,([0  1  2  3  4  5]  [(1 0)  (2 0)  (4 0)  (3 2)  (5 2)  (1 3)  (4 3)]),3,[1 4][5],([0  2  3]  [(2 0)  (3 2)]),2,1.0,[0 3][2],0.6666666666666666,1000,8,2,0.9949984690808534,random_mc2_n5_mid3_d1000_05_mr098_r10_97.uai,6,3,3
0,8.666666666666666,3.0,([0  1  2  3  4  5  6]  [(4 0)  (6 1)  (5 2)  (5 3)]),1.1428571428571428,([0  1  2  3  4  5  6]  [(4 0)  (0 1)  (2 1)  (6 1)  (5 2)  (0 3)  (2 3)  (5 3)]),3,[4][6][5],([0  1  2  3]  [(0 1)  (2 1)  (0 3)  (2 3)]),1,2.0,[0][1][2 3],1.0,1000,16,1,0.996696495400006,random_mc2_n6_mid3_d1000_05_mr098_r10_71.uai,7,4,3
0,6.8,3.0,([0  1  2  3  4  5  6  7  8  9]  [(6 0)  (3 1)  (7 2)  (8 4)  (9 5)]),1.1,([0  1  2  3  4  5  6  7  8  9]  [(1 0)  (6 0)  (3 1)  (0 2)  (1 2)  (7 2)  (2 4)  (5 4)  (8 4)  (1 5)  (9 5)]),5,[6][3][7][8][9],([0  1  2  4  5]  [(1 0)  (0 2)  (1 2)  (2 4)  (5 4)  (1 5)]),1,2.0,[0][1][2][4][5],1.2,2500,16,0,0.9900475723563056,random_mc2_n6_mid3_d1000_05_mr098_r10_36.uai,10,5,4
0,7.2,,([0  1  2  3  4  5  6  7  8  9  10]  [(5 0)  (5 1)  (7 2)  (8 3)  (9 4)  (10 6)]),1.0909090909090908,([0  1  2  3  4  5  6  7  8  9  10]  [(5 0)  (4 1)  (5 1)  (0 2)  (7 2)  (0 3)  (8 3)  (3 4)  (9 4)  (0 6)  (1 6)  (10 6)]),5,[5][7][8][9][10],([0  1  2  3  4  6]  [(4 1)  (0 2)  (0 3)  (3 4)  (0 6)  (1 6)]),1,,[0 1][2][3][4][6],1.0,1000,16,1,0.9967484990933384,random_mc2_n7_mid3_d1000_05_mr098_r10_15.uai,11,6,4
0,4.0,2.0,([0  1  2  3  4]  [(2 0)  (3 1)  (2 4)]),1.0,([0  1  2  3  4]  [(2 0)  (4 0)  (0 1)  (3 1)  (2 4)]),2,[2][3],([0  1  4]  [(4 0)  (0 1)]),1,1.0,[0 4][1],0.6666666666666666,2000,4,1,0.9900168745149768,random_mc2_n5_mid3_d1000_05_mr098_r10_66.uai,5,3,3
0,6.0,3.0,([0  1  2  3  4  5  6]  [(0 1)  (3 1)  (3 2)  (0 4)  (6 5)]),1.1428571428571428,([0  1  2  3  4  5  6]  [(0 1)  (3 1)  (3 2)  (4 2)  (0 4)  (1 4)  (2 5)  (6 5)]),3,[0 3][6],([1  2  4  5]  [(4 2)  (1 4)  (2 5)]),2,1.0,[1 2 4][5],0.75,1000,8,2,0.9970156711278496,random_mc2_n6_mid3_d1000_05_mr098_r10_80.uai,7,4,3
0,9.428571428571429,,([0  1  2  3  4  5  6  7  8  9  10  11  12  13]  [(9 0)  (10 1)  (4 2)  (11 3)  (12 5)  (13 6)  (4 7)  (8 7)]),1.2142857142857142,([0  1  2  3  4  5  6  7  8  9  10  11  12  13]  [(1 0)  (5 0)  (9 0)  (6 1)  (7 1)  (10 1)  (0 2)  (4 2)  (1 3)  (5 3)  (11 3)  (1 5)  (12 5)  (7 6)  (13 6)  (4 7)  (8 7)]),7,[9][10][4 8][11][12][13],([0  1  2  3  5  6  7]  [(1 0)  (5 0)  (6 1)  (7 1)  (0 2)  (1 3)  (5 3)  (1 5)  (7 6)]),2,2.0,[0][1][2 7][3][5][6],1.2857142857142858,1000,16,2,0.9961366740426554,random_mc2_n9_mid3_d1000_05_mr098_r10_44.uai,14,7,6
0,3.0,2.0,([0  1  2  3  4  5]  [(1 2)  (0 3)  (5 4)]),0.8333333333333334,([0  1  2  3  4  5]  [(1 2)  (0 3)  (2 3)  (2 4)  (5 4)]),3,[0][1][5],([2  3  4]  [(2 3)  (2 4)]),1,1.0,[3][2][4],0.6666666666666666,1000,4,0,0.9967835387334772,random_mc2_n5_mid3_d1000_05_mr098_r10_51.uai,6,3,3
0,4.5,3.0,([0  1  2  3  4  5  6  7]  [(5 0)  (6 2)  (7 3)  (1 4)]),1.0,([0  1  2  3  4  5  6  7]  [(4 0)  (5 0)  (0 2)  (6 2)  (0 3)  (4 3)  (7 3)  (1 4)]),4,[5][1][6][7],([0  2  3  4]  [(4 0)  (0 2)  (0 3)  (4 3)]),1,2.0,[0][4][2][3],1.0,1000,8,0,0.9978778020322492,random_mc2_n5_mid3_d1000_05_mr098_r10_16.uai,8,4,4
0,9.5,,([0  1  2  3  4  5  6  7  8  9  10  11  12]  [(9 1)  (10 2)  (0 3)  (7 4)  (11 5)  (12 6)  (7 8)]),1.2307692307692308,([0  1  2  3  4  5  6  7  8  9  10  11  12]  [(3 1)  (8 1)  (9 1)  (1 2)  (10 2)  (0 3)  (6 3)  (7 4)  (1 5)  (4 5)  (8 5)  (11 5)  (4 6)  (8 6)  (12 6)  (7 8)]),6,[0][9][10][7][11][12],([1  2  3  4  5  6  8]  [(3 1)  (8 1)  (1 2)  (6 3)  (1 5)  (4 5)  (8 5)  (4 6)  (8 6)]),1,,[3][1][2][4 8][5][6],1.2857142857142858,1000,16,1,0.9639036661990692,random_mc2_n9_mid3_d1000_05_mr098_r10_27.uai,13,7,5
0,10.625,,([0  1  2  3  4  5  6  7  8  9  10  11  12  13  14  15  16]  [(11 0)  (12 1)  (13 2)  (14 3)  (4 5)  (15 6)  (10 7)  (16 8)  (10 9)]),1.2352941176470589,([0  1  2  3  4  5  6  7  8  9  10  11  12  13  14  15  16]  [(9 0)  (11 0)  (0 1)  (12 1)  (0 2)  (13 2)  (2 3)  (6 3)  (14 3)  (4 5)  (8 5)  (2 6)  (7 6)  (9 6)  (15 6)  (1 7)  (10 7)  (0 8)  (7 8)  (16 8)  (10 9)]),8,[11][12][13][14][4][15][10][16],([0  1  2  3  5  6  7  8  9]  [(9 0)  (0 1)  (0 2)  (2 3)  (6 3)  (8 5)  (2 6)  (7 6)  (9 6)  (1 7)  (0 8)  (7 8)]),1,3.0,[0][1][2][3][5][6][7 9][8],1.3333333333333333,2000,32,1,0.9288029953395236,random_mc2_n11_mid3_d1000_05_mr098_r10_90.uai,17,9,5
0,8.0,,([0  1  2  3  4  5  6  7  8  9  10]  [(0 1)  (7 2)  (8 3)  (0 4)  (9 5)  (10 6)]),1.181818181818182,([0  1  2  3  4  5  6  7  8  9  10]  [(0 1)  (1 2)  (7 2)  (5 3)  (6 3)  (8 3)  (0 4)  (3 4)  (1 5)  (9 5)  (1 6)  (2 6)  (10 6)]),5,[0][7][8][9][10],([1  2  3  4  5  6]  [(1 2)  (5 3)  (6 3)  (3 4)  (1 5)  (1 6)  (2 6)]),1,2.0,[1 4][2][3][5][6],1.1666666666666667,2500,16,1,0.9871270597747324,random_mc2_n7_mid3_d1000_05_mr098_r10_79.uai,11,6,4
0,11.333333333333334,3.0,([0  1  2  3  4  5  6  7  8  9  10  11]  [(8 1)  (0 2)  (3 2)  (9 4)  (10 5)  (11 6)  (0 7)  (3 7)]),1.3333333333333333,([0  1  2  3  4  5  6  7  8  9  10  11]  [(5 1)  (7 1)  (8 1)  (0 2)  (3 2)  (7 2)  (5 4)  (6 4)  (9 4)  (2 5)  (10 5)  (2 6)  (5 6)  (11 6)  (0 7)  (3 7)]),6,[0 3][8][9][10][11],([1  2  4  5  6  7]  [(5 1)  (7 1)  (7 2)  (5 4)  (6 4)  (2 5)  (2 6)  (5 6)]),2,2.0,[2 7][1][4][5][6],1.3333333333333333,2000,16,2,0.988870188141281,random_mc2_n8_mid3_d1000_05_mr098_r10_43.uai,12,6,5
0,4.666666666666667,2.0,([0  1  2  3  4  5  6]  [(3 0)  (3 1)  (5 2)  (6 4)]),1.0,([0  1  2  3  4  5  6]  [(3 0)  (4 0)  (3 1)  (1 2)  (5 2)  (1 4)  (6 4)]),3,[3][5][6],([0  1  2  4]  [(4 0)  (1 2)  (1 4)]),1,1.0,[0 1][2][4],0.75,1000,6,1,0.9990510499822698,random_mc2_n5_mid3_d1000_05_mr098_r10_75.uai,7,4,3
0,5.333333333333333,3.0,([0  1  2  3  4  5]  [(0 3)  (1 3)  (1 4)  (0 5)  (2 5)]),1.1666666666666667,([0  1  2  3  4  5]  [(0 3)  (1 3)  (1 4)  (3 4)  (0 5)  (2 5)  (4 5)]),3,[0 1 2],([3  4  5]  [(3 4)  (4 5)]),2,1.0,[3 4 5],0.6666666666666666,1000,8,2,0.9960737375429848,random_mc2_n6_mid3_d1000_05_mr098_r10_6.uai,6,3,3
0,18.0,3.0,([0  1  2  3  4]  [(0 2)  (1 2)  (0 3)  (1 4)]),1.2,([0  1  2  3  4]  [(0 2)  (1 2)  (0 3)  (1 4)  (2 4)  (3 4)]),2,[0 1],([2  3  4]  [(2 4)  (3 4)]),2,2.0,[2 3 4],0.6666666666666666,1000,32,2,0.9913200700690334,random_mc2_n5_mid3_d1000_05_mr098_r10_42.uai,5,3,3
0,3.6666666666666665,3.0,([0  1  2  3  4  5  6]  [(4 0)  (4 1)  (5 2)  (6 3)]),1.1428571428571428,([0  1  2  3  4  5  6]  [(1 0)  (2 0)  (4 0)  (4 1)  (1 2)  (5 2)  (0 3)  (6 3)]),3,[4][5][6],([0  1  2  3]  [(1 0)  (2 0)  (1 2)  (0 3)]),1,2.0,[0 1][2][3],1.0,1500,4,1,0.9978124322401096,random_mc2_n5_mid3_d1000_05_mr098_r10_4.uai,7,4,4
0,6.0,3.0,([0  1  2  3  4  5  6  7  8  9]  [(7 0)  (8 1)  (3 2)  (4 2)  (9 5)  (3 6)]),1.1,([0  1  2  3  4  5  6  7  8  9]  [(6 0)  (7 0)  (2 1)  (8 1)  (3 2)  (4 2)  (0 5)  (6 5)  (9 5)  (2 6)  (3 6)]),5,[7][8][3 4][9],([0  1  2  5  6]  [(6 0)  (2 1)  (0 5)  (6 5)  (2 6)]),2,2.0,[0][1][2 6][5],1.0,1000,16,2,0.9983362114225588,random_mc2_n7_mid3_d1000_05_mr098_r10_75.uai,10,5,4
0,8.0,3.0,([0  1  2  3  4  5  6  7  8]  [(4 0)  (6 1)  (7 2)  (8 3)  (4 5)]),1.2222222222222223,([0  1  2  3  4  5  6  7  8]  [(2 0)  (4 0)  (5 0)  (5 1)  (6 1)  (5 2)  (7 2)  (1 3)  (5 3)  (8 3)  (4 5)]),4,[4][6][7][8],([0  1  2  3  5]  [(2 0)  (5 0)  (5 1)  (5 2)  (1 3)  (5 3)]),1,2.0,[0 5][1][2][3],1.2,1000,16,1,0.9988701877380274,random_mc2_n6_mid3_d1000_05_mr098_r10_11.uai,9,5,5
0,5.333333333333333,3.0,([0  1  2  3  4  5  6]  [(4 0)  (5 1)  (6 2)  (4 3)]),1.1428571428571428,([0  1  2  3  4  5  6]  [(1 0)  (3 0)  (4 0)  (3 1)  (5 1)  (0 2)  (6 2)  (4 3)]),3,[4][5][6],([0  1  2  3]  [(1 0)  (3 0)  (3 1)  (0 2)]),1,2.0,[0 3][1][2],1.0,1000,8,1,0.992388783629408,random_mc2_n5_mid3_d1000_05_mr098_r10_79.uai,7,4,4
0,9.666666666666666,3.0,([0  1  2  3  4  5  6  7]  [(1 0)  (7 2)  (4 3)  (1 5)  (4 6)]),1.25,([0  1  2  3  4  5  6  7]  [(1 0)  (5 2)  (6 2)  (7 2)  (4 3)  (5 3)  (6 3)  (1 5)  (6 5)  (4 6)]),3,[1][7][4],([0  2  3  5  6]  [(5 2)  (6 2)  (5 3)  (6 3)  (6 5)]),1,2.0,[0 5][2][3 6],1.0,1500,16,1,0.995638797636538,random_mc2_n7_mid3_d1000_05_mr098_r10_42.uai,8,5,4
0,4.333333333333333,3.0,([0  1  2  3  4  5  6]  [(5 0)  (1 2)  (1 3)  (6 4)]),1.1428571428571428,([0  1  2  3  4  5  6]  [(2 0)  (5 0)  (1 2)  (0 3)  (1 3)  (2 3)  (0 4)  (6 4)]),3,[5][1][6],([0  2  3  4]  [(2 0)  (0 3)  (2 3)  (0 4)]),1,2.0,[0][2 3][4],1.0,1000,5,1,0.9971129554710366,random_mc2_n5_mid3_d1000_05_mr098_r10_8.uai,7,4,4
0,12.0,3.0,([0  1  2  3  4]  [(0 1)  (3 1)  (3 2)  (0 4)]),1.2,([0  1  2  3  4]  [(0 1)  (2 1)  (3 1)  (3 2)  (0 4)  (2 4)]),2,[0 3],([1  2  4]  [(2 1)  (2 4)]),2,1.0,[1 2 4],0.6666666666666666,1000,16,2,0.9973845892266312,random_mc2_n5_mid3_d1000_05_mr098_r10_87.uai,5,3,3
0,9.6,,([0  1  2  3  4  5  6  7  8  9]  [(2 0)  (7 3)  (8 4)  (1 5)  (2 5)  (9 6)]),1.2,([0  1  2  3  4  5  6  7  8  9]  [(2 0)  (0 3)  (4 3)  (7 3)  (0 4)  (8 4)  (1 5)  (2 5)  (4 5)  (3 6)  (5 6)  (9 6)]),5,[1 2][7][8][9],([0  3  4  5  6]  [(0 3)  (4 3)  (0 4)  (4 5)  (3 6)  (5 6)]),2,2.0,[0 5][3][4][6],1.2,1000,16,2,0.9811821005083616,random_mc2_n7_mid3_d1000_05_mr098_r10_4.uai,10,5,4
0,15.333333333333334,,([0  1  2  3  4  5  6  7]  [(0 1)  (7 2)  (5 3)  (5 4)  (7 4)  (0 6)]),1.25,([0  1  2  3  4  5  6  7]  [(0 1)  (4 1)  (6 2)  (7 2)  (2 3)  (4 3)  (5 3)  (5 4)  (7 4)  (0 6)]),3,[0][5 7],([1  2  3  4  6]  [(4 1)  (6 2)  (2 3)  (4 3)]),2,2.0,[1 6][2 3 4],0.8,1000,32,2,0.9837659894301988,random_mc2_n8_mid3_d1000_05_mr098_r10_95.uai,8,5,4
0,6.333333333333333,,([0  1  2  3  4  5  6]  [(4 1)  (6 1)  (4 2)  (0 3)  (0 5)]),1.1428571428571428,([0  1  2  3  4  5  6]  [(4 1)  (5 1)  (6 1)  (4 2)  (0 3)  (1 3)  (2 3)  (0 5)]),3,[0][4 6],([1  2  3  5]  [(5 1)  (1 3)  (2 3)]),2,2.0,[3 5][1 2],0.75,1000,8,2,0.9808034460984209,random_mc2_n7_mid3_d1000_05_mr098_r10_98.uai,7,4,4
0,10.0,,([0  1  2  3  4  5  6  7  8  9  10  11  12]  [(10 0)  (9 2)  (9 3)  (11 4)  (12 5)  (7 6)  (1 8)  (7 8)]),1.3076923076923077,([0  1  2  3  4  5  6  7  8  9  10  11  12]  [(4 0)  (10 0)  (9 2)  (2 3)  (4 3)  (9 3)  (2 4)  (6 4)  (11 4)  (3 5)  (8 5)  (12 5)  (7 6)  (8 6)  (1 8)  (2 8)  (7 8)]),6,[10][1 7][9][11][12],([0  2  3  4  5  6  8]  [(4 0)  (2 3)  (4 3)  (2 4)  (6 4)  (3 5)  (8 5)  (8 6)  (2 8)]),2,,[0][6 8][2 3][4][5],1.2857142857142858,1500,16,2,0.9847293124176032,random_mc2_n10_mid3_d1000_05_mr098_r10_52.uai,13,7,5
0,6.0,3.0,([0  1  2  3  4  5  6  7  8  9]  [(0 1)  (6 2)  (7 3)  (8 4)  (9 5)]),1.0,([0  1  2  3  4  5  6  7  8  9]  [(0 1)  (1 2)  (6 2)  (1 3)  (7 3)  (1 4)  (2 4)  (8 4)  (2 5)  (9 5)]),5,[0][6][7][8][9],([1  2  3  4  5]  [(1 2)  (1 3)  (1 4)  (2 4)  (2 5)]),1,2.0,[1][2][3][4][5],1.0,2500,16,0,0.982290907792509,random_mc2_n6_mid3_d1000_05_mr098_r10_72.uai,10,5,4
0,14.666666666666666,3.0,([0  1  2  3  4  5  6]  [(0 1)  (6 2)  (0 3)  (4 3)  (4 5)]),1.2857142857142858,([0  1  2  3  4  5  6]  [(0 1)  (3 1)  (5 1)  (1 2)  (6 2)  (0 3)  (4 3)  (3 5)  (4 5)]),3,[0 4][6],([1  2  3  5]  [(3 1)  (5 1)  (1 2)  (3 5)]),2,2.0,[1 3 5][2],1.0,1000,32,2,0.9854389994231904,random_mc2_n6_mid3_d1000_05_mr098_r10_35.uai,7,4,4
0,5.0,2.0,([0  1  2  3  4]  [(1 0)  (4 2)  (1 3)]),1.0,([0  1  2  3  4]  [(1 0)  (2 0)  (4 2)  (0 3)  (1 3)]),2,[1][4],([0  2  3]  [(2 0)  (0 3)]),1,1.0,[0 3][2],0.6666666666666666,1500,8,1,0.9950079586227416,random_mc2_n5_mid3_d1000_05_mr098_r10_22.uai,5,3,3
0,4.0,3.0,([0  1  2  3  4  5  6  7  8]  [(2 0)  (2 1)  (4 3)  (7 5)  (8 6)]),1.0,([0  1  2  3  4  5  6  7  8]  [(2 0)  (2 1)  (0 3)  (4 3)  (0 5)  (7 5)  (0 6)  (5 6)  (8 6)]),4,[2][4][7][8],([0  1  3  5  6]  [(0 3)  (0 5)  (0 6)  (5 6)]),1,2.0,[0 1][3][5][6],0.8,1000,4,1,0.9959038076087752,random_mc2_n7_mid3_d1000_05_mr098_r10_69.uai,9,5,4
0,10.666666666666666,3.0,([0  1  2  3  4  5  6]  [(5 0)  (4 1)  (4 2)  (6 3)]),1.1428571428571428,([0  1  2  3  4  5  6]  [(1 0)  (5 0)  (4 1)  (0 2)  (3 2)  (4 2)  (0 3)  (6 3)]),3,[5][4][6],([0  1  2  3]  [(1 0)  (0 2)  (3 2)  (0 3)]),1,2.0,[0][1 2][3],1.0,5000,24,1,0.915722422986184,random_mc2_n5_mid3_d1000_05_mr098_r10_15.uai,7,4,4
0,20.666666666666668,,([0  1  2  3  4  5  6  7]  [(0 1)  (5 2)  (5 3)  (0 4)  (7 6)]),1.375,([0  1  2  3  4  5  6  7]  [(0 1)  (2 1)  (4 2)  (5 2)  (1 3)  (2 3)  (5 3)  (0 4)  (1 6)  (2 6)  (7 6)]),3,[0][5][7],([1  2  3  4  6]  [(2 1)  (4 2)  (1 3)  (2 3)  (1 6)  (2 6)]),1,2.0,[1 4][2 3][6],1.2,3000,40,1,0.9841647832681084,random_mc2_n7_mid3_d1000_05_mr098_r10_97.uai,8,5,5
0,8.4,,([0  1  2  3  4  5  6  7  8  9  10]  [(3 0)  (5 0)  (8 1)  (9 2)  (5 4)  (3 6)  (10 7)]),1.181818181818182,([0  1  2  3  4  5  6  7  8  9  10]  [(3 0)  (5 0)  (4 1)  (6 1)  (8 1)  (4 2)  (9 2)  (5 4)  (0 6)  (3 6)  (2 7)  (6 7)  (10 7)]),5,[3 5][8][9][10],([0  1  2  4  6  7]  [(4 1)  (6 1)  (4 2)  (0 6)  (2 7)  (6 7)]),2,2.0,[0 4 6][1][2][7],1.0,1000,16,2,0.9953634323234128,random_mc2_n8_mid3_d1000_05_mr098_r10_40.uai,11,6,4
0,5.333333333333333,2.0,([0  1  2  3  4  5  6]  [(0 1)  (0 2)  (5 3)  (6 4)]),1.0,([0  1  2  3  4  5  6]  [(0 1)  (0 2)  (3 2)  (1 3)  (5 3)  (1 4)  (6 4)]),3,[0][5][6],([1  2  3  4]  [(3 2)  (1 3)  (1 4)]),1,1.0,[1 2][3][4],0.75,2500,8,1,0.9979513009214794,random_mc2_n5_mid3_d1000_05_mr098_r10_31.uai,7,4,3
0,6.666666666666667,3.0,([0  1  2  3  4  5  6]  [(0 1)  (5 2)  (6 3)  (0 4)]),1.2857142857142858,([0  1  2  3  4  5  6]  [(0 1)  (1 2)  (3 2)  (5 2)  (1 3)  (6 3)  (0 4)  (1 4)  (3 4)]),3,[0][5][6],([1  2  3  4]  [(1 2)  (3 2)  (1 3)  (1 4)  (3 4)]),1,2.0,[1 4][2][3],1.25,1000,8,1,0.988652000312529,random_mc2_n5_mid3_d1000_05_mr098_r10_41.uai,7,4,4
0,7.666666666666667,3.0,([0  1  2  3  4  5]  [(0 1)  (0 3)  (2 3)  (5 4)]),1.1666666666666667,([0  1  2  3  4  5]  [(0 1)  (3 1)  (0 3)  (2 3)  (1 4)  (3 4)  (5 4)]),3,[0 2][5],([1  3  4]  [(3 1)  (1 4)  (3 4)]),2,2.0,[1 3][4],1.0,1000,16,2,0.9956372854774248,random_mc2_n5_mid3_d1000_05_mr098_r10_100.uai,6,3,4
0,8.4,3.0,([0  1  2  3  4  5  6  7  8  9]  [(6 0)  (7 1)  (5 2)  (8 3)  (9 4)]),1.2,([0  1  2  3  4  5  6  7  8  9]  [(2 0)  (3 0)  (6 0)  (2 1)  (7 1)  (5 2)  (1 3)  (2 3)  (8 3)  (2 4)  (3 4)  (9 4)]),5,[6][7][5][8][9],([0  1  2  3  4]  [(2 0)  (3 0)  (2 1)  (1 3)  (2 3)  (2 4)  (3 4)]),1,2.0,[0][1][2][3][4],1.4,1500,16,0,0.9981949583400014,random_mc2_n6_mid3_d1000_05_mr098_r10_88.uai,10,5,5
0,6.8,3.0,([0  1  2  3  4  5  6  7  8  9]  [(6 1)  (7 2)  (8 3)  (9 4)  (0 5)]),1.1,([0  1  2  3  4  5  6  7  8  9]  [(2 1)  (6 1)  (4 2)  (5 2)  (7 2)  (2 3)  (5 3)  (8 3)  (5 4)  (9 4)  (0 5)]),5,[0][6][7][8][9],([1  2  3  4  5]  [(2 1)  (4 2)  (5 2)  (2 3)  (5 3)  (5 4)]),1,2.0,[5][1][2][3][4],1.2,1000,16,0,0.997104508867556,random_mc2_n6_mid3_d1000_05_mr098_r10_41.uai,10,5,5
0,5.333333333333333,3.0,([0  1  2  3  4  5]  [(5 0)  (4 1)  (3 2)  (4 2)]),1.0,([0  1  2  3  4  5]  [(1 0)  (5 0)  (4 1)  (0 2)  (3 2)  (4 2)]),3,[5][3 4],([0  1  2]  [(1 0)  (0 2)]),2,1.0,[0][1 2],0.6666666666666666,1500,8,2,0.9986507788889214,random_mc2_n5_mid3_d1000_05_mr098_r10_29.uai,6,3,3
0,8.4,,([0  1  2  3  4  5  6  7  8  9  10]  [(6 0)  (5 1)  (9 2)  (5 3)  (8 3)  (6 4)  (10 7)]),1.181818181818182,([0  1  2  3  4  5  6  7  8  9  10]  [(3 0)  (4 0)  (6 0)  (5 1)  (1 2)  (9 2)  (5 3)  (8 3)  (3 4)  (6 4)  (2 7)  (3 7)  (10 7)]),5,[6][5 8][9][10],([0  1  2  3  4  7]  [(3 0)  (4 0)  (1 2)  (3 4)  (2 7)  (3 7)]),2,2.0,[0 4][1 3][2][7],1.0,1500,16,2,0.988135187236176,random_mc2_n9_mid3_d1000_05_mr098_r10_85.uai,11,6,5
0,4.8,3.0,([0  1  2  3  4  5  6  7  8  9  10]  [(0 1)  (7 2)  (8 3)  (0 4)  (9 5)  (10 6)]),1.0909090909090908,([0  1  2  3  4  5  6  7  8  9  10]  [(0 1)  (5 2)  (7 2)  (1 3)  (8 3)  (0 4)  (1 4)  (1 5)  (6 5)  (9 5)  (1 6)  (10 6)]),5,[0][7][8][9][10],([1  2  3  4  5  6]  [(5 2)  (1 3)  (1 4)  (1 5)  (6 5)  (1 6)]),1,2.0,[1 4][2][3][5][6],1.0,1000,8,1,0.9972380304873064,random_mc2_n7_mid3_d1000_05_mr098_r10_55.uai,11,6,5
0,7.0,3.0,([0  1  2  3  4]  [(0 1)  (4 2)  (0 3)]),1.2,([0  1  2  3  4]  [(0 1)  (2 1)  (4 2)  (0 3)  (1 3)  (2 3)]),2,[0][4],([1  2  3]  [(2 1)  (1 3)  (2 3)]),1,2.0,[1 3][2],1.0,1000,12,1,0.9925017861640552,random_mc2_n5_mid3_d1000_05_mr098_r10_90.uai,5,3,3
0,3.0,2.0,([0  1  2  3  4  5]  [(0 2)  (5 3)  (1 4)]),0.8333333333333334,([0  1  2  3  4  5]  [(0 2)  (2 3)  (5 3)  (1 4)  (3 4)]),3,[0][1][5],([2  3  4]  [(2 3)  (3 4)]),1,1.0,[2][4][3],0.6666666666666666,1000,4,0,0.9956914319921576,random_mc2_n5_mid3_d1000_05_mr098_r10_59.uai,6,3,3
0,9.333333333333334,3.0,([0  1  2  3  4  5  6]  [(1 2)  (6 3)  (0 4)  (0 5)  (1 5)]),1.1428571428571428,([0  1  2  3  4  5  6]  [(1 2)  (4 2)  (4 3)  (6 3)  (0 4)  (0 5)  (1 5)  (3 5)]),3,[0 1][6],([2  3  4  5]  [(4 2)  (4 3)  (3 5)]),2,1.0,[2 4 5][3],0.75,4000,16,2,0.984248986598431,random_mc2_n6_mid3_d1000_05_mr098_r10_76.uai,7,4,3
0,8.0,3.0,([0  1  2  3  4  5  6  7  8]  [(0 1)  (6 2)  (7 3)  (8 4)  (0 5)]),1.1111111111111112,([0  1  2  3  4  5  6  7  8]  [(0 1)  (3 2)  (6 2)  (1 3)  (5 3)  (7 3)  (1 4)  (3 4)  (8 4)  (0 5)]),4,[0][6][7][8],([1  2  3  4  5]  [(3 2)  (1 3)  (5 3)  (1 4)  (3 4)]),1,2.0,[1 5][2][3][4],1.0,1000,16,1,0.9955741875755092,random_mc2_n6_mid3_d1000_05_mr098_r10_100.uai,9,5,5
0,3.5,3.0,([0  1  2  3  4  5  6  7  8]  [(6 1)  (0 2)  (7 3)  (0 4)  (8 5)]),1.1111111111111112,([0  1  2  3  4  5  6  7  8]  [(4 1)  (6 1)  (0 2)  (2 3)  (4 3)  (7 3)  (0 4)  (2 4)  (3 5)  (8 5)]),4,[0][6][7][8],([1  2  3  4  5]  [(4 1)  (2 3)  (4 3)  (2 4)  (3 5)]),1,2.0,[2 4][1][3][5],1.0,1000,4,1,0.9282146325985772,random_mc2_n6_mid3_d1000_05_mr098_r10_15.uai,9,5,4
0,6.5,3.0,([0  1  2  3  4  5  6  7  8]  [(7 0)  (2 1)  (6 3)  (8 4)  (2 5)]),1.0,([0  1  2  3  4  5  6  7  8]  [(1 0)  (7 0)  (2 1)  (6 3)  (3 4)  (5 4)  (8 4)  (1 5)  (2 5)]),4,[7][2][6][8],([0  1  3  4  5]  [(1 0)  (3 4)  (5 4)  (1 5)]),1,2.0,[0][1 5][3][4],0.8,1000,16,1,0.9863523877352854,random_mc2_n7_mid3_d1000_05_mr098_r10_46.uai,9,5,3
0,5.0,3.0,([0  1  2  3  4  5]  [(4 0)  (5 1)  (2 3)  (4 3)]),1.0,([0  1  2  3  4  5]  [(4 0)  (3 1)  (5 1)  (0 3)  (2 3)  (4 3)]),3,[2 4][5],([0  1  3]  [(3 1)  (0 3)]),2,1.0,[0 3][1],0.6666666666666666,1000,7,2,0.9977992694887764,random_mc2_n5_mid3_d1000_05_mr098_r10_83.uai,6,3,4
0,5.0,2.0,([0  1  2  3  4]  [(3 0)  (3 1)  (4 2)]),1.0,([0  1  2  3  4]  [(2 0)  (3 0)  (3 1)  (1 2)  (4 2)]),2,[3][4],([0  1  2]  [(2 0)  (1 2)]),1,1.0,[0 1][2],0.6666666666666666,1000,6,1,0.9979243381328204,random_mc2_n5_mid3_d1000_05_mr098_r10_35.uai,5,3,3
0,4.0,2.0,([0  1  2  3  4  5]  [(4 0)  (1 2)  (4 2)  (5 3)]),1.0,([0  1  2  3  4  5]  [(2 0)  (4 0)  (1 2)  (4 2)  (2 3)  (5 3)]),3,[1 4][5],([0  2  3]  [(2 0)  (2 3)]),2,1.0,[0 2][3],0.6666666666666666,1000,6,2,0.9956951176710388,random_mc2_n5_mid3_d1000_05_mr098_r10_72.uai,6,3,4
0,12.0,3.0,([0  1  2  3  4  5  6  7  8]  [(2 0)  (2 1)  (6 3)  (7 4)  (8 5)]),1.2222222222222223,([0  1  2  3  4  5  6  7  8]  [(2 0)  (2 1)  (3 1)  (4 1)  (4 3)  (6 3)  (0 4)  (7 4)  (0 5)  (1 5)  (8 5)]),4,[2][6][7][8],([0  1  3  4  5]  [(3 1)  (4 1)  (4 3)  (0 4)  (0 5)  (1 5)]),1,2.0,[0 1][3][4][5],1.2,3000,32,1,0.9863494692365924,random_mc2_n6_mid3_d1000_05_mr098_r10_94.uai,9,5,4
0,10.666666666666666,3.0,([0  1  2  3  4  5  6  7  8  9  10  11  12]  [(0 1)  (8 2)  (9 3)  (0 4)  (10 5)  (11 6)  (12 7)]),1.3076923076923077,([0  1  2  3  4  5  6  7  8  9  10  11  12]  [(0 1)  (4 1)  (1 2)  (4 2)  (8 2)  (1 3)  (9 3)  (0 4)  (4 5)  (7 5)  (10 5)  (2 6)  (3 6)  (11 6)  (2 7)  (4 7)  (12 7)]),6,[0][8][9][10][11][12],([1  2  3  4  5  6  7]  [(4 1)  (1 2)  (4 2)  (1 3)  (4 5)  (7 5)  (2 6)  (3 6)  (2 7)  (4 7)]),1,2.0,[1 4][2][3][5][6][7],1.4285714285714286,1500,16,1,0.990248421161662,random_mc2_n8_mid3_d1000_05_mr098_r10_0.uai,13,7,5
0,8.5,3.0,([0  1  2  3  4  5  6  7  8]  [(7 0)  (2 3)  (1 4)  (8 5)  (1 6)]),1.2222222222222223,([0  1  2  3  4  5  6  7  8]  [(4 0)  (6 0)  (7 0)  (2 3)  (1 4)  (3 4)  (6 5)  (8 5)  (1 6)  (3 6)  (4 6)]),4,[7][1][2][8],([0  3  4  5  6]  [(4 0)  (6 0)  (3 4)  (6 5)  (3 6)  (4 6)]),1,2.0,[0][4 6][3][5],1.2,1500,16,1,0.9972436455743644,random_mc2_n7_mid3_d1000_05_mr098_r10_39.uai,9,5,5
0,6.5,3.0,([0  1  2  3  4  5  6  7]  [(0 1)  (5 2)  (6 3)  (7 4)]),1.0,([0  1  2  3  4  5  6  7]  [(0 1)  (1 2)  (3 2)  (5 2)  (1 3)  (6 3)  (1 4)  (7 4)]),4,[0][5][6][7],([1  2  3  4]  [(1 2)  (3 2)  (1 3)  (1 4)]),1,2.0,[1][2][3][4],1.0,1500,16,0,0.9978781600586436,random_mc2_n5_mid3_d1000_05_mr098_r10_45.uai,8,4,4
0,13.333333333333334,3.0,([0  1  2  3  4  5  6  7]  [(2 0)  (2 1)  (4 3)  (4 5)  (7 6)]),1.5,([0  1  2  3  4  5  6  7]  [(2 0)  (0 1)  (2 1)  (5 1)  (0 3)  (4 3)  (5 3)  (0 5)  (4 5)  (1 6)  (5 6)  (7 6)]),3,[2][4][7],([0  1  3  5  6]  [(0 1)  (5 1)  (0 3)  (5 3)  (0 5)  (1 6)  (5 6)]),1,2.0,[0 1][3 5][6],1.4,1000,16,1,0.9961394110360008,random_mc2_n7_mid3_d1000_05_mr098_r10_80.uai,8,5,5
0,14.0,3.0,([0  1  2  3  4  5  6]  [(3 1)  (6 2)  (0 4)  (0 5)]),1.1428571428571428,([0  1  2  3  4  5  6]  [(3 1)  (4 2)  (6 2)  (0 4)  (1 4)  (0 5)  (1 5)  (2 5)]),3,[0][3][6],([1  2  4  5]  [(4 2)  (1 4)  (1 5)  (2 5)]),1,2.0,[4 5][1][2],1.0,1500,36,1,0.9961858816337372,random_mc2_n6_mid3_d1000_05_mr098_r10_1.uai,7,4,3
0,6.4,3.0,([0  1  2  3  4  5  6  7  8  9  10]  [(7 1)  (8 2)  (9 3)  (0 4)  (10 5)  (0 6)]),1.0909090909090908,([0  1  2  3  4  5  6  7  8  9  10]  [(4 1)  (7 1)  (4 2)  (8 2)  (2 3)  (4 3)  (9 3)  (0 4)  (4 5)  (6 5)  (10 5)  (0 6)]),5,[0][7][8][9][10],([1  2  3  4  5  6]  [(4 1)  (4 2)  (2 3)  (4 3)  (4 5)  (6 5)]),1,2.0,[4 6][1][2][3][5],1.0,2000,16,1,0.9897443801828778,random_mc2_n7_mid3_d1000_05_mr098_r10_49.uai,11,6,5
0,5.333333333333333,3.0,([0  1  2  3  4  5  6]  [(0 1)  (0 2)  (5 3)  (6 4)]),1.0,([0  1  2  3  4  5  6]  [(0 1)  (0 2)  (2 3)  (5 3)  (1 4)  (2 4)  (6 4)]),3,[0][5][6],([1  2  3  4]  [(2 3)  (1 4)  (2 4)]),1,2.0,[1 2][3][4],0.75,1000,8,1,0.9983725373989596,random_mc2_n5_mid3_d1000_05_mr098_r10_61.uai,7,4,3
0,3.0,2.0,([0  1  2  3  4  5]  [(5 1)  (0 3)  (0 4)  (2 4)]),1.0,([0  1  2  3  4  5]  [(3 1)  (5 1)  (0 3)  (4 3)  (0 4)  (2 4)]),3,[0 2][5],([1  3  4]  [(3 1)  (4 3)]),2,1.0,[3 4][1],0.6666666666666666,1000,4,2,0.9966109249819513,random_mc2_n5_mid3_d1000_05_mr098_r10_26.uai,6,3,3
0,9.333333333333334,,([0  1  2  3  4  5  6  7  8  9  10  11  12]  [(8 1)  (0 2)  (9 3)  (10 4)  (0 5)  (11 6)  (12 7)]),1.2307692307692308,([0  1  2  3  4  5  6  7  8  9  10  11  12]  [(2 1)  (8 1)  (0 2)  (2 3)  (5 3)  (9 3)  (1 4)  (10 4)  (0 5)  (1 5)  (1 6)  (4 6)  (11 6)  (3 7)  (6 7)  (12 7)]),6,[0][8][9][10][11][12],([1  2  3  4  5  6  7]  [(2 1)  (2 3)  (5 3)  (1 4)  (1 5)  (1 6)  (4 6)  (3 7)  (6 7)]),1,,[2 5][1][3][4][6][7],1.2857142857142858,1000,16,1,0.994239376518234,random_mc2_n8_mid3_d1000_05_mr098_r10_57.uai,13,7,5
0,4.5,2.0,([0  1  2  3  4  5  6  7  8]  [(6 1)  (7 2)  (0 3)  (8 4)  (0 5)]),1.0,([0  1  2  3  4  5  6  7  8]  [(3 1)  (6 1)  (3 2)  (7 2)  (0 3)  (3 4)  (8 4)  (0 5)  (2 5)]),4,[0][6][7][8],([1  2  3  4  5]  [(3 1)  (3 2)  (3 4)  (2 5)]),1,1.0,[3 5][1][2][4],0.8,2000,6,1,0.9986457881412776,random_mc2_n6_mid3_d1000_05_mr098_r10_79.uai,9,5,4
0,3.5,2.0,([0  1  2  3  4]  [(1 2)  (1 3)  (0 4)]),0.8,([0  1  2  3  4]  [(1 2)  (1 3)  (0 4)  (3 4)]),2,[0][1],([2  3  4]  [(3 4)]),1,1.0,[4][2 3],0.3333333333333333,1000,4,1,0.9962586416027748,random_mc2_n5_mid3_d1000_05_mr098_r10_11.uai,5,3,2
0,7.333333333333333,3.0,([0  1  2  3  4  5]  [(2 0)  (3 1)  (5 4)]),1.0,([0  1  2  3  4  5]  [(1 0)  (2 0)  (3 1)  (0 4)  (1 4)  (5 4)]),3,[2][3][5],([0  1  4]  [(1 0)  (0 4)  (1 4)]),1,2.0,[0][1][4],1.0,1500,16,0,0.9890685913879544,random_mc2_n5_mid3_d1000_05_mr098_r10_56.uai,6,3,3
0,5.25,3.0,([0  1  2  3  4  5  6  7  8]  [(7 0)  (3 1)  (8 2)  (6 4)  (3 5)]),1.1111111111111112,([0  1  2  3  4  5  6  7  8]  [(5 0)  (7 0)  (0 1)  (3 1)  (1 2)  (8 2)  (1 4)  (2 4)  (6 4)  (3 5)]),4,[7][3][8][6],([0  1  2  4  5]  [(5 0)  (0 1)  (1 2)  (1 4)  (2 4)]),1,2.0,[0][1 5][2][4],1.0,1000,8,1,0.9929321963234208,random_mc2_n7_mid3_d1000_05_mr098_r10_93.uai,9,5,4
0,4.5,3.0,([0  1  2  3  4  5  6  7  8]  [(6 0)  (7 1)  (8 2)  (5 3)  (5 4)]),1.1111111111111112,([0  1  2  3  4  5  6  7  8]  [(1 0)  (6 0)  (3 1)  (7 1)  (0 2)  (3 2)  (8 2)  (5 3)  (3 4)  (5 4)]),4,[6][7][8][5],([0  1  2  3  4]  [(1 0)  (3 1)  (0 2)  (3 2)  (3 4)]),1,2.0,[0][1][2][3 4],1.0,1000,8,1,0.997920759151904,random_mc2_n6_mid3_d1000_05_mr098_r10_42.uai,9,5,4
0,9.6,,([0  1  2  3  4  5  6  7  8  9  10]  [(6 0)  (6 1)  (7 2)  (8 3)  (9 4)  (10 5)]),1.181818181818182,([0  1  2  3  4  5  6  7  8  9  10]  [(6 0)  (2 1)  (6 1)  (0 2)  (7 2)  (1 3)  (2 3)  (8 3)  (0 4)  (3 4)  (9 4)  (3 5)  (10 5)]),5,[6][7][8][9][10],([0  1  2  3  4  5]  [(2 1)  (0 2)  (1 3)  (2 3)  (0 4)  (3 4)  (3 5)]),1,2.0,[0 1][2][3][4][5],1.1666666666666667,1000,16,1,0.9803026804249078,random_mc2_n7_mid3_d1000_05_mr098_r10_61.uai,11,6,5
0,8.0,3.0,([0  1  2  3  4  5  6  7  8]  [(6 0)  (5 1)  (7 2)  (5 3)  (8 4)]),1.1111111111111112,([0  1  2  3  4  5  6  7  8]  [(3 0)  (6 0)  (2 1)  (5 1)  (0 2)  (3 2)  (7 2)  (5 3)  (2 4)  (8 4)]),4,[6][5][7][8],([0  1  2  3  4]  [(3 0)  (2 1)  (0 2)  (3 2)  (2 4)]),1,2.0,[0][1 3][2][4],1.0,1000,16,1,0.9977122041387956,random_mc2_n6_mid3_d1000_05_mr098_r10_75.uai,9,5,5
0,6.0,3.0,([0  1  2  3  4  5]  [(2 3)  (0 4)  (0 5)  (1 5)]),1.0,([0  1  2  3  4  5]  [(2 3)  (0 4)  (3 4)  (0 5)  (1 5)  (4 5)]),3,[0 1][2],([3  4  5]  [(3 4)  (4 5)]),2,1.0,[4 5][3],0.6666666666666666,1000,12,2,0.9936479473946692,random_mc2_n6_mid3_d1000_05_mr098_r10_98.uai,6,3,3
0,7.0,3.0,([0  1  2  3  4  5  6  7  8]  [(6 0)  (7 1)  (4 2)  (8 3)  (4 5)]),1.1111111111111112,([0  1  2  3  4  5  6  7  8]  [(3 0)  (5 0)  (6 0)  (5 1)  (7 1)  (4 2)  (5 2)  (1 3)  (8 3)  (4 5)]),4,[6][7][4][8],([0  1  2  3  5]  [(3 0)  (5 0)  (5 1)  (5 2)  (1 3)]),1,2.0,[0][1][2 5][3],1.0,1000,16,1,0.9993056789356204,random_mc2_n6_mid3_d1000_05_mr098_r10_51.uai,9,5,4
0,9.6,3.0,([0  1  2  3  4  5  6  7  8  9  10]  [(8 1)  (7 2)  (0 3)  (9 4)  (0 5)  (7 5)  (10 6)]),1.2727272727272727,([0  1  2  3  4  5  6  7  8  9  10]  [(5 1)  (8 1)  (5 2)  (7 2)  (0 3)  (1 3)  (1 4)  (5 4)  (9 4)  (0 5)  (7 5)  (1 6)  (5 6)  (10 6)]),5,[0 7][8][9][10],([1  2  3  4  5  6]  [(5 1)  (5 2)  (1 3)  (1 4)  (5 4)  (1 6)  (5 6)]),2,2.0,[2 3 5][1][4][6],1.1666666666666667,4500,16,2,0.9949490423601384,random_mc2_n8_mid3_d1000_05_mr098_r10_81.uai,11,6,6
0,8.0,3.0,([0  1  2  3  4  5  6]  [(5 0)  (3 1)  (3 2)  (6 4)]),1.0,([0  1  2  3  4  5  6]  [(1 0)  (5 0)  (3 1)  (3 2)  (1 4)  (2 4)  (6 4)]),3,[5][3][6],([0  1  2  4]  [(1 0)  (1 4)  (2 4)]),1,2.0,[0][1 2][4],0.75,1000,16,1,0.9851995280928074,random_mc2_n5_mid3_d1000_05_mr098_r10_39.uai,7,4,3
0,6.75,3.0,([0  1  2  3  4  5  6  7  8]  [(8 0)  (7 2)  (6 3)  (7 4)  (1 5)]),1.0,([0  1  2  3  4  5  6  7  8]  [(3 0)  (4 0)  (8 0)  (7 2)  (6 3)  (5 4)  (7 4)  (1 5)  (3 5)]),4,[8][1][7][6],([0  2  3  4  5]  [(3 0)  (4 0)  (5 4)  (3 5)]),1,2.0,[0][5][2 4][3],0.8,3000,16,1,0.9943383749758714,random_mc2_n8_mid3_d1000_05_mr098_r10_48.uai,9,5,3
0,7.5,3.0,([0  1  2  3  4  5  6  7]  [(5 0)  (2 1)  (6 3)  (7 4)]),1.125,([0  1  2  3  4  5  6  7]  [(1 0)  (5 0)  (2 1)  (0 3)  (1 3)  (6 3)  (1 4)  (3 4)  (7 4)]),4,[5][2][6][7],([0  1  3  4]  [(1 0)  (0 3)  (1 3)  (1 4)  (3 4)]),1,2.0,[0][1][3][4],1.25,1000,16,0,0.9784212408167277,random_mc2_n5_mid3_d1000_05_mr098_r10_80.uai,8,4,4
0,11.5,,([0  1  2  3  4  5  6  7  8]  [(0 2)  (1 2)  (8 3)  (6 4)  (0 5)  (1 7)]),1.1111111111111112,([0  1  2  3  4  5  6  7  8]  [(0 2)  (1 2)  (5 3)  (8 3)  (6 4)  (0 5)  (4 5)  (1 7)  (3 7)  (4 7)]),4,[0 1][8][6],([2  3  4  5  7]  [(5 3)  (4 5)  (3 7)  (4 7)]),2,2.0,[2 5 7][3][4],0.8,1500,32,2,0.98076687558998,random_mc2_n8_mid3_d1000_05_mr098_r10_38.uai,9,5,3
0,4.0,2.0,([0  1  2  3  4  5]  [(3 0)  (5 0)  (4 1)  (5 1)  (3 2)  (4 2)]),1.0,([0  1  2  3  4  5]  [(3 0)  (5 0)  (4 1)  (5 1)  (3 2)  (4 2)]),3,[3 4 5],([0  1  2]  []),2,0.0,[0 1 2],0.0,1500,4,2,0.9850795476389154,random_mc2_n6_mid3_d1000_05_mr098_r10_66.uai,6,3,2
0,7.5,3.0,([0  1  2  3  4  5  6  7  8]  [(3 0)  (3 1)  (6 2)  (7 4)  (8 5)]),1.1111111111111112,([0  1  2  3  4  5  6  7  8]  [(3 0)  (5 0)  (3 1)  (0 2)  (1 2)  (6 2)  (0 4)  (7 4)  (1 5)  (8 5)]),4,[3][6][7][8],([0  1  2  4  5]  [(5 0)  (0 2)  (1 2)  (0 4)  (1 5)]),1,2.0,[0 1][2][4][5],1.0,1000,16,1,0.9950522744941188,random_mc2_n6_mid3_d1000_05_mr098_r10_21.uai,9,5,4
0,6.8,,([0  1  2  3  4  5  6  7  8  9  10]  [(8 2)  (9 3)  (1 4)  (0 5)  (10 6)  (0 7)]),1.0,([0  1  2  3  4  5  6  7  8  9  10]  [(6 2)  (8 2)  (4 3)  (9 3)  (1 4)  (0 5)  (3 6)  (5 6)  (10 6)  (0 7)  (2 7)]),5,[0][1][8][9][10],([2  3  4  5  6  7]  [(6 2)  (4 3)  (3 6)  (5 6)  (2 7)]),1,2.0,[5 7][4][2][3][6],0.8333333333333334,1000,16,1,0.995605432759534,random_mc2_n8_mid3_d1000_05_mr098_r10_3.uai,11,6,4
0,8.333333333333334,3.0,([0  1  2  3  4  5  6  7  8  9  10  11  12]  [(8 0)  (5 1)  (9 2)  (10 3)  (11 4)  (12 6)  (8 7)]),1.0769230769230769,([0  1  2  3  4  5  6  7  8  9  10  11  12]  [(1 0)  (8 0)  (5 1)  (1 2)  (9 2)  (0 3)  (7 3)  (10 3)  (3 4)  (7 4)  (11 4)  (0 6)  (12 6)  (8 7)]),6,[8][5][9][10][11][12],([0  1  2  3  4  6  7]  [(1 0)  (1 2)  (0 3)  (7 3)  (3 4)  (7 4)  (0 6)]),1,2.0,[0 7][1][2][3][4][6],1.0,2000,16,1,0.991770186808623,random_mc2_n9_mid3_d1000_05_mr098_r10_64.uai,13,7,4
0,5.0,3.0,([0  1  2  3  4  5]  [(1 0)  (4 0)  (1 2)  (5 3)]),1.0,([0  1  2  3  4  5]  [(1 0)  (2 0)  (4 0)  (1 2)  (2 3)  (5 3)]),3,[1 4][5],([0  2  3]  [(2 0)  (2 3)]),2,1.0,[0 2][3],0.6666666666666666,1000,7,2,0.9990490559351534,random_mc2_n5_mid3_d1000_05_mr098_r10_36.uai,6,3,3
0,4.0,2.0,([0  1  2  3  4  5  6]  [(5 0)  (2 1)  (6 3)  (2 4)]),1.0,([0  1  2  3  4  5  6]  [(3 0)  (5 0)  (2 1)  (1 3)  (6 3)  (1 4)  (2 4)]),3,[5][2][6],([0  1  3  4]  [(3 0)  (1 3)  (1 4)]),1,1.0,[0][1 4][3],0.75,1000,4,1,0.999485603458842,random_mc2_n5_mid3_d1000_05_mr098_r10_71.uai,7,4,3
0,9.6,,([0  1  2  3  4  5  6  7  8  9  10]  [(1 0)  (8 2)  (9 4)  (3 5)  (1 6)  (3 6)  (10 7)]),1.181818181818182,([0  1  2  3  4  5  6  7  8  9  10]  [(1 0)  (7 0)  (5 2)  (8 2)  (0 4)  (2 4)  (9 4)  (3 5)  (1 6)  (3 6)  (7 6)  (2 7)  (10 7)]),5,[1 3][8][9][10],([0  2  4  5  6  7]  [(7 0)  (5 2)  (0 4)  (2 4)  (7 6)  (2 7)]),2,2.0,[0 5 6][2][4][7],1.0,3500,16,2,0.9805916658121568,random_mc2_n8_mid3_d1000_05_mr098_r10_47.uai,11,6,4
0,6.5,,([0  1  2  3  4  5  6  7]  [(6 1)  (2 3)  (7 4)  (0 5)  (2 5)]),1.0,([0  1  2  3  4  5  6  7]  [(3 1)  (6 1)  (2 3)  (1 4)  (5 4)  (7 4)  (0 5)  (2 5)]),4,[0 2][6][7],([1  3  4  5]  [(3 1)  (1 4)  (5 4)]),2,2.0,[3 5][1][4],0.75,1000,16,2,0.9938000642960068,random_mc2_n6_mid3_d1000_05_mr098_r10_97.uai,8,4,3
0,8.0,3.0,([0  1  2  3  4  5  6  7  8]  [(6 0)  (7 1)  (3 2)  (8 4)  (3 5)]),1.2222222222222223,([0  1  2  3  4  5  6  7  8]  [(5 0)  (6 0)  (5 1)  (7 1)  (0 2)  (1 2)  (3 2)  (1 4)  (5 4)  (8 4)  (3 5)]),4,[6][7][3][8],([0  1  2  4  5]  [(5 0)  (5 1)  (0 2)  (1 2)  (1 4)  (5 4)]),1,2.0,[0][1][2 5][4],1.2,2000,16,1,0.994886397621561,random_mc2_n6_mid3_d1000_05_mr098_r10_69.uai,9,5,4
0,5.333333333333333,,([0  1  2  3  4  5  6]  [(5 0)  (4 1)  (4 2)  (6 3)]),1.0,([0  1  2  3  4  5  6]  [(1 0)  (5 0)  (4 1)  (4 2)  (0 3)  (2 3)  (6 3)]),3,[5][4][6],([0  1  2  3]  [(1 0)  (0 3)  (2 3)]),1,2.0,[0][1 2][3],0.75,1000,8,1,0.9937192667200708,random_mc2_n5_mid3_d1000_05_mr098_r10_0.uai,7,4,3
0,51.66666666666666,4.0,([0  1  2  3  4  5  6  7  8  9  10  11]  [(3 0)  (4 0)  (8 1)  (9 2)  (10 5)  (11 6)  (3 7)]),1.4166666666666667,([0  1  2  3  4  5  6  7  8  9  10  11]  [(3 0)  (4 0)  (0 1)  (6 1)  (8 1)  (1 2)  (7 2)  (9 2)  (2 5)  (6 5)  (7 5)  (10 5)  (0 6)  (11 6)  (0 7)  (1 7)  (3 7)]),6,[3 4][8][9][10][11],([0  1  2  5  6  7]  [(0 1)  (6 1)  (1 2)  (7 2)  (2 5)  (6 5)  (7 5)  (0 6)  (0 7)  (1 7)]),2,3.0,[0 7][1][2][5][6],1.6666666666666667,5500,256,2,0.9966068842284154,random_mc2_n8_mid3_d1000_05_mr098_r10_70.uai,12,6,5
0,7.666666666666667,3.0,([0  1  2  3  4  5  6]  [(2 0)  (5 1)  (6 3)  (2 4)]),1.2857142857142858,([0  1  2  3  4  5  6]  [(2 0)  (0 1)  (3 1)  (5 1)  (0 3)  (6 3)  (0 4)  (1 4)  (2 4)]),3,[2][5][6],([0  1  3  4]  [(0 1)  (3 1)  (0 3)  (0 4)  (1 4)]),1,2.0,[0 4][1][3],1.25,1500,16,1,0.9960216771031364,random_mc2_n5_mid3_d1000_05_mr098_r10_46.uai,7,4,4
0,9.0,2.0,([0  1  2  3  4]  [(3 0)  (1 2)  (3 4)]),1.0,([0  1  2  3  4]  [(2 0)  (3 0)  (1 2)  (2 4)  (3 4)]),2,[3][1],([0  2  4]  [(2 0)  (2 4)]),1,1.0,[0 4][2],0.6666666666666666,1000,16,1,0.9880686530864314,random_mc2_n5_mid3_d1000_05_mr098_r10_62.uai,5,3,3
0,2.5,2.0,([0  1  2  3  4]  [(3 1)  (3 2)  (0 4)]),1.0,([0  1  2  3  4]  [(3 1)  (1 2)  (3 2)  (0 4)  (1 4)]),2,[0][3],([1  2  4]  [(1 2)  (1 4)]),1,1.0,[4][1 2],0.6666666666666666,1000,3,1,0.9980250155607904,random_mc2_n5_mid3_d1000_05_mr098_r10_25.uai,5,3,3
0,6.2,3.0,([0  1  2  3  4  5  6  7  8  9  10]  [(7 0)  (4 1)  (4 2)  (8 3)  (9 5)  (10 6)]),1.181818181818182,([0  1  2  3  4  5  6  7  8  9  10]  [(6 0)  (7 0)  (2 1)  (4 1)  (6 1)  (4 2)  (2 3)  (8 3)  (0 5)  (9 5)  (2 6)  (3 6)  (10 6)]),5,[7][4][8][9][10],([0  1  2  3  5  6]  [(6 0)  (2 1)  (6 1)  (2 3)  (0 5)  (2 6)  (3 6)]),1,2.0,[0][1 2][3][5][6],1.1666666666666667,2000,16,1,0.9971881628804822,random_mc2_n7_mid3_d1000_05_mr098_r10_90.uai,11,6,5
0,10.0,3.0,([0  1  2  3  4  5  6  7  8  9]  [(8 0)  (2 1)  (2 3)  (7 4)  (7 5)  (9 6)]),1.2,([0  1  2  3  4  5  6  7  8  9]  [(1 0)  (4 0)  (8 0)  (2 1)  (2 3)  (4 3)  (1 4)  (7 4)  (1 5)  (7 5)  (3 6)  (9 6)]),4,[8][2][7][9],([0  1  3  4  5  6]  [(1 0)  (4 0)  (4 3)  (1 4)  (1 5)  (3 6)]),1,2.0,[0][1 3][4 5][6],1.0,3000,16,1,0.988931065990489,random_mc2_n8_mid3_d1000_05_mr098_r10_63.uai,10,6,4
0,42.57142857142857,,([0  1  2  3  4  5  6  7  8  9  10  11  12  13  14]  [(10 1)  (0 2)  (11 3)  (8 4)  (12 5)  (13 6)  (14 7)  (0 9)  (8 9)]),1.2666666666666666,([0  1  2  3  4  5  6  7  8  9  10  11  12  13  14]  [(3 1)  (10 1)  (0 2)  (9 2)  (2 3)  (11 3)  (5 4)  (8 4)  (1 5)  (2 5)  (12 5)  (2 6)  (5 6)  (7 6)  (13 6)  (9 7)  (14 7)  (0 9)  (8 9)]),7,[0 8][10][11][12][13][14],([1  2  3  4  5  6  7  9]  [(3 1)  (9 2)  (2 3)  (5 4)  (1 5)  (2 5)  (2 6)  (5 6)  (7 6)  (9 7)]),2,3.0,[2 4 9][1][3][5][6][7],1.25,3000,256,2,0.980090893147438,random_mc2_n10_mid3_d1000_05_mr098_r10_93.uai,15,8,5
0,8.0,3.0,([0  1  2  3  4  5  6  7  8  9  10]  [(7 1)  (0 2)  (8 3)  (9 4)  (10 5)  (0 6)]),1.2727272727272727,([0  1  2  3  4  5  6  7  8  9  10]  [(3 1)  (4 1)  (7 1)  (0 2)  (6 2)  (2 3)  (6 3)  (8 3)  (6 4)  (9 4)  (4 5)  (6 5)  (10 5)  (0 6)]),5,[0][7][8][9][10],([1  2  3  4  5  6]  [(3 1)  (4 1)  (6 2)  (2 3)  (6 3)  (6 4)  (4 5)  (6 5)]),1,2.0,[2 6][1][3][4][5],1.3333333333333333,1000,16,1,0.9950763497815888,random_mc2_n7_mid3_d1000_05_mr098_r10_53.uai,11,6,5
0,5.333333333333333,3.0,([0  1  2  3  4  5  6]  [(5 0)  (2 1)  (2 3)  (6 4)]),1.1428571428571428,([0  1  2  3  4  5  6]  [(1 0)  (5 0)  (2 1)  (1 3)  (2 3)  (4 3)  (0 4)  (6 4)]),3,[5][2][6],([0  1  3  4]  [(1 0)  (1 3)  (4 3)  (0 4)]),1,2.0,[0][1 3][4],1.0,1000,8,1,0.9979824268468486,random_mc2_n5_mid3_d1000_05_mr098_r10_96.uai,7,4,3
0,12.0,3.0,([0  1  2  3  4  5  6]  [(4 0)  (4 1)  (5 2)  (6 3)]),1.2857142857142858,([0  1  2  3  4  5  6]  [(1 0)  (4 0)  (4 1)  (0 2)  (1 2)  (5 2)  (1 3)  (2 3)  (6 3)]),3,[4][5][6],([0  1  2  3]  [(1 0)  (0 2)  (1 2)  (1 3)  (2 3)]),1,2.0,[0 1][2][3],1.25,1000,16,1,0.9963903577055152,random_mc2_n5_mid3_d1000_05_mr098_r10_18.uai,7,4,4
0,5.333333333333333,2.0,([0  1  2  3  4  5  6]  [(3 0)  (1 2)  (3 2)  (1 4)  (6 5)]),1.0,([0  1  2  3  4  5  6]  [(3 0)  (1 2)  (3 2)  (0 4)  (1 4)  (0 5)  (6 5)]),3,[1 3][6],([0  2  4  5]  [(0 4)  (0 5)]),2,1.0,[0 2 4][5],0.5,1000,8,2,0.9893481513843236,random_mc2_n6_mid3_d1000_05_mr098_r10_70.uai,7,4,3
0,9.6,3.0,([0  1  2  3  4  5  6  7  8  9  10]  [(7 0)  (6 1)  (6 2)  (8 3)  (9 4)  (10 5)]),1.2727272727272727,([0  1  2  3  4  5  6  7  8  9  10]  [(1 0)  (2 0)  (7 0)  (2 1)  (4 1)  (6 1)  (6 2)  (0 3)  (2 3)  (8 3)  (2 4)  (9 4)  (1 5)  (10 5)]),5,[7][6][8][9][10],([0  1  2  3  4  5]  [(1 0)  (2 0)  (2 1)  (4 1)  (0 3)  (2 3)  (2 4)  (1 5)]),1,2.0,[0][1 2][3][4][5],1.3333333333333333,1000,16,1,0.99633589908082,random_mc2_n7_mid3_d1000_05_mr098_r10_6.uai,11,6,5
0,7.0,3.0,([0  1  2  3  4  5  6  7  8]  [(6 0)  (2 1)  (7 3)  (8 4)  (2 5)]),1.1111111111111112,([0  1  2  3  4  5  6  7  8]  [(1 0)  (5 0)  (6 0)  (2 1)  (5 1)  (5 3)  (7 3)  (3 4)  (8 4)  (2 5)]),4,[6][2][7][8],([0  1  3  4  5]  [(1 0)  (5 0)  (5 1)  (5 3)  (3 4)]),1,2.0,[0][1 5][3][4],1.0,2000,16,1,0.99019964262497,random_mc2_n6_mid3_d1000_05_mr098_r10_47.uai,9,5,4
0,3.333333333333333,2.0,([0  1  2  3  4  5]  [(5 0)  (1 3)  (2 4)]),0.8333333333333334,([0  1  2  3  4  5]  [(3 0)  (5 0)  (1 3)  (0 4)  (2 4)]),3,[5][1][2],([0  3  4]  [(3 0)  (0 4)]),1,1.0,[0][3][4],0.6666666666666666,1000,4,0,0.995683217469571,random_mc2_n5_mid3_d1000_05_mr098_r10_68.uai,6,3,3
0,3.6666666666666665,2.0,([0  1  2  3  4  5  6]  [(1 0)  (1 2)  (4 3)  (6 5)]),0.8571428571428571,([0  1  2  3  4  5  6]  [(1 0)  (1 2)  (4 3)  (5 3)  (2 5)  (6 5)]),3,[1][4][6],([0  2  3  5]  [(5 3)  (2 5)]),1,1.0,[0 2][3][5],0.5,1000,4,1,0.9994324421051812,random_mc2_n6_mid3_d1000_05_mr098_r10_8.uai,7,4,3
0,12.666666666666666,,([0  1  2  3  4  5  6  7]  [(0 2)  (1 3)  (7 4)  (1 5)  (0 6)]),1.25,([0  1  2  3  4  5  6  7]  [(0 2)  (6 2)  (1 3)  (2 4)  (7 4)  (1 5)  (2 5)  (4 5)  (0 6)  (3 6)]),3,[0][1][7],([2  3  4  5  6]  [(6 2)  (2 4)  (2 5)  (4 5)  (3 6)]),1,2.0,[2 6][3 5][4],1.0,3000,24,1,0.995713908844206,random_mc2_n7_mid3_d1000_05_mr098_r10_89.uai,8,5,4
0,10.333333333333334,4.0,([0  1  2  3  4  5  6  7  8  9  10  11]  [(7 0)  (8 1)  (5 2)  (9 3)  (10 4)  (11 6)]),1.1666666666666667,([0  1  2  3  4  5  6  7  8  9  10  11]  [(1 0)  (2 0)  (6 0)  (7 0)  (3 1)  (8 1)  (5 2)  (2 3)  (9 3)  (1 4)  (3 4)  (10 4)  (2 6)  (11 6)]),6,[7][8][5][9][10][11],([0  1  2  3  4  6]  [(1 0)  (2 0)  (6 0)  (3 1)  (2 3)  (1 4)  (3 4)  (2 6)]),1,3.0,[0][1][2][3][4][6],1.3333333333333333,2500,32,0,0.8976002484909683,random_mc2_n7_mid3_d1000_05_mr098_r10_40.uai,12,6,4
0,8.0,3.0,([0  1  2  3  4  5  6  7]  [(6 0)  (3 2)  (7 4)  (1 5)  (3 5)]),1.125,([0  1  2  3  4  5  6  7]  [(5 0)  (6 0)  (3 2)  (0 4)  (5 4)  (7 4)  (1 5)  (2 5)  (3 5)]),4,[6][1 3][7],([0  2  4  5]  [(5 0)  (0 4)  (5 4)  (2 5)]),2,2.0,[0][2 5][4],1.0,1000,16,2,0.9837505403686836,random_mc2_n6_mid3_d1000_05_mr098_r10_63.uai,8,4,5
0,6.75,,([0  1  2  3  4  5  6  7  8  9  10  11  12  13  14  15]  [(9 0)  (2 1)  (10 3)  (11 4)  (12 5)  (13 6)  (14 7)  (15 8)]),1.1875,([0  1  2  3  4  5  6  7  8  9  10  11  12  13  14  15]  [(5 0)  (8 0)  (9 0)  (2 1)  (7 3)  (8 3)  (10 3)  (1 4)  (11 4)  (4 5)  (12 5)  (7 6)  (13 6)  (1 7)  (4 7)  (14 7)  (6 8)  (7 8)  (15 8)]),8,[9][2][10][11][12][13][14][15],([0  1  3  4  5  6  7  8]  [(5 0)  (8 0)  (7 3)  (8 3)  (1 4)  (4 5)  (7 6)  (1 7)  (4 7)  (6 8)  (7 8)]),1,,[0][1][3][4][5][6][7][8],1.375,1000,16,0,0.9858267609446072,random_mc2_n9_mid3_d1000_05_mr098_r10_29.uai,16,8,6
0,5.0,3.0,([0  1  2  3  4  5  6  7  8]  [(0 1)  (6 2)  (7 3)  (0 4)  (8 5)]),1.1111111111111112,([0  1  2  3  4  5  6  7  8]  [(0 1)  (1 2)  (6 2)  (4 3)  (7 3)  (0 4)  (1 4)  (2 4)  (3 5)  (8 5)]),4,[0][6][7][8],([1  2  3  4  5]  [(1 2)  (4 3)  (1 4)  (2 4)  (3 5)]),1,2.0,[1 4][2][3][5],1.0,2000,8,1,0.9815278473109044,random_mc2_n6_mid3_d1000_05_mr098_r10_54.uai,9,5,4
0,5.333333333333333,2.0,([0  1  2  3  4  5  6]  [(0 2)  (0 3)  (1 3)  (1 4)  (6 5)]),1.0,([0  1  2  3  4  5  6]  [(0 2)  (0 3)  (1 3)  (1 4)  (2 4)  (3 5)  (6 5)]),3,[0 1][6],([2  3  4  5]  [(2 4)  (3 5)]),2,1.0,[2 3 4][5],0.5,3500,8,2,0.9829775316565814,random_mc2_n6_mid3_d1000_05_mr098_r10_13.uai,7,4,3
0,10.333333333333334,3.0,([0  1  2  3  4  5  6  7  8  9  10  11]  [(8 0)  (9 2)  (10 3)  (1 5)  (4 5)  (11 6)  (1 7)]),1.25,([0  1  2  3  4  5  6  7  8  9  10  11]  [(2 0)  (5 0)  (8 0)  (3 2)  (5 2)  (9 2)  (6 3)  (10 3)  (1 5)  (4 5)  (5 6)  (11 6)  (1 7)  (5 7)  (6 7)]),6,[8][1 4][9][10][11],([0  2  3  5  6  7]  [(2 0)  (5 0)  (3 2)  (5 2)  (6 3)  (5 6)  (5 7)  (6 7)]),2,2.0,[0][5 7][2][3][6],1.3333333333333333,2000,20,2,0.9885038522562682,random_mc2_n8_mid3_d1000_05_mr098_r10_32.uai,12,6,6
0,3.333333333333333,2.0,([0  1  2  3  4  5]  [(5 0)  (1 2)  (3 4)]),0.8333333333333334,([0  1  2  3  4  5]  [(4 0)  (5 0)  (0 2)  (1 2)  (3 4)]),3,[5][1][3],([0  2  4]  [(4 0)  (0 2)]),1,1.0,[0][2][4],0.6666666666666666,1000,4,0,0.9963749461292272,random_mc2_n5_mid3_d1000_05_mr098_r10_43.uai,6,3,3
0,9.333333333333334,3.0,([0  1  2  3  4  5  6]  [(6 2)  (0 3)  (1 3)  (1 4)  (0 5)]),1.1428571428571428,([0  1  2  3  4  5  6]  [(3 2)  (6 2)  (0 3)  (1 3)  (5 3)  (1 4)  (3 4)  (0 5)]),3,[0 1][6],([2  3  4  5]  [(3 2)  (5 3)  (3 4)]),2,1.0,[3 4 5][2],0.75,1000,16,2,0.9862023297578456,random_mc2_n6_mid3_d1000_05_mr098_r10_7.uai,7,4,5
0,8.333333333333334,,([0  1  2  3  4  5  6  7  8  9  10  11]  [(5 0)  (7 1)  (8 2)  (9 3)  (10 4)  (11 6)]),1.1666666666666667,([0  1  2  3  4  5  6  7  8  9  10  11]  [(5 0)  (2 1)  (7 1)  (0 2)  (6 2)  (8 2)  (0 3)  (6 3)  (9 3)  (1 4)  (3 4)  (10 4)  (0 6)  (11 6)]),6,[5][7][8][9][10][11],([0  1  2  3  4  6]  [(2 1)  (0 2)  (6 2)  (0 3)  (6 3)  (1 4)  (3 4)  (0 6)]),1,,[0][1][2][3][4][6],1.3333333333333333,1000,16,0,0.9964464508231504,random_mc2_n7_mid3_d1000_05_mr098_r10_86.uai,12,6,4
0,10.428571428571429,3.0,([0  1  2  3  4  5  6  7  8  9  10  11  12  13]  [(9 0)  (10 1)  (2 4)  (3 5)  (11 6)  (12 7)  (13 8)]),1.2857142857142858,([0  1  2  3  4  5  6  7  8  9  10  11  12  13]  [(1 0)  (4 0)  (9 0)  (4 1)  (5 1)  (10 1)  (2 4)  (3 5)  (4 5)  (0 6)  (8 6)  (11 6)  (0 7)  (8 7)  (12 7)  (0 8)  (1 8)  (13 8)]),7,[9][10][2][3][11][12][13],([0  1  4  5  6  7  8]  [(1 0)  (4 0)  (4 1)  (5 1)  (4 5)  (0 6)  (8 6)  (0 7)  (8 7)  (0 8)  (1 8)]),1,2.0,[0][1][4][5][6][7][8],1.5714285714285714,4500,16,0,0.9674182205617594,random_mc2_n9_mid3_d1000_05_mr098_r10_56.uai,14,7,6
0,12.0,3.0,([0  1  2  3  4  5  6]  [(0 1)  (5 2)  (6 3)  (0 4)]),1.2857142857142858,([0  1  2  3  4  5  6]  [(0 1)  (1 2)  (4 2)  (5 2)  (1 3)  (2 3)  (6 3)  (0 4)  (1 4)]),3,[0][5][6],([1  2  3  4]  [(1 2)  (4 2)  (1 3)  (2 3)  (1 4)]),1,2.0,[1 4][2][3],1.25,1000,16,1,0.991522899488966,random_mc2_n5_mid3_d1000_05_mr098_r10_74.uai,7,4,4
0,5.333333333333333,,([0  1  2  3  4  5  6]  [(2 0)  (4 0)  (4 1)  (2 3)  (6 5)]),1.0,([0  1  2  3  4  5  6]  [(2 0)  (4 0)  (4 1)  (2 3)  (5 3)  (1 5)  (6 5)]),3,[2 4][6],([0  1  3  5]  [(5 3)  (1 5)]),2,1.0,[0 1 3][5],0.5,1500,8,2,0.9811997868671092,random_mc2_n6_mid3_d1000_05_mr098_r10_92.uai,7,4,3
0,5.5,3.0,([0  1  2  3  4  5  6  7  8]  [(2 0)  (2 1)  (6 3)  (7 4)  (8 5)]),1.1111111111111112,([0  1  2  3  4  5  6  7  8]  [(2 0)  (2 1)  (4 1)  (5 3)  (6 3)  (0 4)  (7 4)  (0 5)  (1 5)  (8 5)]),4,[2][6][7][8],([0  1  3  4  5]  [(4 1)  (5 3)  (0 4)  (0 5)  (1 5)]),1,2.0,[0 1][3][4][5],1.0,3500,8,1,0.9967273760220702,random_mc2_n6_mid3_d1000_05_mr098_r10_38.uai,9,5,4
0,3.5,2.0,([0  1  2  3  4  5  6  7]  [(1 0)  (5 2)  (6 3)  (7 4)]),0.875,([0  1  2  3  4  5  6  7]  [(1 0)  (0 2)  (5 2)  (0 3)  (6 3)  (0 4)  (7 4)]),4,[1][5][6][7],([0  2  3  4]  [(0 2)  (0 3)  (0 4)]),1,1.0,[0][2][3][4],0.75,1000,4,0,0.9990124269315122,random_mc2_n5_mid3_d1000_05_mr098_r10_99.uai,8,4,4
0,12.8,3.0,([0  1  2  3  4  5  6  7  8  9  10]  [(6 0)  (7 0)  (8 1)  (9 2)  (6 3)  (7 4)  (10 5)]),1.2727272727272727,([0  1  2  3  4  5  6  7  8  9  10]  [(6 0)  (7 0)  (4 1)  (8 1)  (1 2)  (3 2)  (9 2)  (1 3)  (4 3)  (6 3)  (0 4)  (7 4)  (2 5)  (10 5)]),5,[6 7][8][9][10],([0  1  2  3  4  5]  [(4 1)  (1 2)  (3 2)  (1 3)  (4 3)  (0 4)  (2 5)]),2,2.0,[0 3 4][1][2][5],1.1666666666666667,2000,32,2,0.981358748370218,random_mc2_n8_mid3_d1000_05_mr098_r10_66.uai,11,6,4
0,5.333333333333333,3.0,([0  1  2  3  4  5  6]  [(5 0)  (6 1)  (3 2)  (3 4)]),1.1428571428571428,([0  1  2  3  4  5  6]  [(1 0)  (5 0)  (2 1)  (4 1)  (6 1)  (3 2)  (2 4)  (3 4)]),3,[5][6][3],([0  1  2  4]  [(1 0)  (2 1)  (4 1)  (2 4)]),1,2.0,[0][1][2 4],1.0,1000,8,1,0.9991521404257724,random_mc2_n5_mid3_d1000_05_mr098_r10_17.uai,7,4,4
0,6.0,3.0,([0  1  2  3  4  5  6  7  8]  [(6 0)  (5 1)  (7 2)  (8 3)  (6 4)]),1.1111111111111112,([0  1  2  3  4  5  6  7  8]  [(6 0)  (0 1)  (5 1)  (0 2)  (7 2)  (2 3)  (4 3)  (8 3)  (2 4)  (6 4)]),4,[6][5][7][8],([0  1  2  3  4]  [(0 1)  (0 2)  (2 3)  (4 3)  (2 4)]),1,2.0,[0 4][1][2][3],1.0,1000,8,1,0.997333304622262,random_mc2_n7_mid3_d1000_05_mr098_r10_95.uai,9,5,4
0,4.0,4.0,([0  1  2  3  4  5  6  7  8  9  10  11  12]  [(9 0)  (10 1)  (7 2)  (3 4)  (11 5)  (3 6)  (12 8)]),1.2307692307692308,([0  1  2  3  4  5  6  7  8  9  10  11  12]  [(6 0)  (9 0)  (6 1)  (8 1)  (10 1)  (0 2)  (7 2)  (3 4)  (1 5)  (4 5)  (6 5)  (11 5)  (3 6)  (4 6)  (4 8)  (12 8)]),6,[9][10][7][3][11][12],([0  1  2  4  5  6  8]  [(6 0)  (6 1)  (8 1)  (0 2)  (1 5)  (4 5)  (6 5)  (4 6)  (4 8)]),1,3.0,[0][1][2][4 6][5][8],1.2857142857142858,1500,8,1,0.98798668609637,random_mc2_n9_mid3_d1000_05_mr098_r10_45.uai,13,7,5
0,11.4,3.0,([0  1  2  3  4  5  6  7  8  9  10]  [(0 1)  (0 2)  (7 2)  (8 3)  (9 4)  (7 5)  (10 6)]),1.2727272727272727,([0  1  2  3  4  5  6  7  8  9  10]  [(0 1)  (2 1)  (0 2)  (7 2)  (2 3)  (5 3)  (8 3)  (3 4)  (6 4)  (9 4)  (7 5)  (3 6)  (5 6)  (10 6)]),5,[0 7][8][9][10],([1  2  3  4  5  6]  [(2 1)  (2 3)  (5 3)  (3 4)  (6 4)  (3 6)  (5 6)]),2,2.0,[1 2 5][3][4][6],1.1666666666666667,1000,16,2,0.9800125490053104,random_mc2_n8_mid3_d1000_05_mr098_r10_98.uai,11,6,5
0,7.0,3.0,([0  1  2  3  4]  [(4 0)  (3 1)  (4 1)  (3 2)]),1.2,([0  1  2  3  4]  [(2 0)  (4 0)  (3 1)  (4 1)  (1 2)  (3 2)]),2,[3 4],([0  1  2]  [(2 0)  (1 2)]),2,1.0,[0 1 2],0.6666666666666666,1000,8,2,0.9930951956942458,random_mc2_n5_mid3_d1000_05_mr098_r10_20.uai,5,3,3
0,3.0,2.0,([0  1  2  3  4]  [(3 0)  (4 0)  (4 1)  (3 2)]),1.0,([0  1  2  3  4]  [(3 0)  (4 0)  (4 1)  (0 2)  (3 2)]),2,[3 4],([0  1  2]  [(0 2)]),2,1.0,[0 1 2],0.3333333333333333,1000,4,2,0.993665147740467,random_mc2_n5_mid3_d1000_05_mr098_r10_67.uai,5,3,3
0,3.7142857142857135,,([0  1  2  3  4  5  6  7  8  9  10  11  12  13]  [(8 0)  (9 1)  (10 3)  (2 4)  (11 5)  (12 6)  (13 7)]),1.0,([0  1  2  3  4  5  6  7  8  9  10  11  12  13]  [(7 0)  (8 0)  (6 1)  (9 1)  (1 3)  (4 3)  (10 3)  (2 4)  (4 5)  (11 5)  (7 6)  (12 6)  (4 7)  (13 7)]),7,[8][9][2][10][11][12][13],([0  1  3  4  5  6  7]  [(7 0)  (6 1)  (1 3)  (4 3)  (4 5)  (7 6)  (4 7)]),1,,[0][1][4][3][5][6][7],1.0,1000,4,0,0.984937541725168,random_mc2_n8_mid3_d1000_05_mr098_r10_16.uai,14,7,4
0,8.0,3.0,([0  1  2  3  4  5  6  7  8  9  10]  [(7 1)  (0 2)  (8 3)  (9 4)  (10 5)  (0 6)]),1.2727272727272727,([0  1  2  3  4  5  6  7  8  9  10]  [(5 1)  (7 1)  (0 2)  (2 3)  (6 3)  (8 3)  (1 4)  (5 4)  (9 4)  (2 5)  (10 5)  (0 6)  (2 6)  (5 6)]),5,[0][7][8][9][10],([1  2  3  4  5  6]  [(5 1)  (2 3)  (6 3)  (1 4)  (5 4)  (2 5)  (2 6)  (5 6)]),1,2.0,[2 6][1][3][4][5],1.3333333333333333,1500,16,1,0.9959578355883472,random_mc2_n7_mid3_d1000_05_mr098_r10_9.uai,11,6,5
0,10.0,3.0,([0  1  2  3  4  5  6  7]  [(3 0)  (4 0)  (6 1)  (4 2)  (7 5)]),1.25,([0  1  2  3  4  5  6  7]  [(3 0)  (4 0)  (0 1)  (2 1)  (6 1)  (0 2)  (4 2)  (1 5)  (2 5)  (7 5)]),4,[3 4][6][7],([0  1  2  5]  [(0 1)  (2 1)  (0 2)  (1 5)  (2 5)]),2,2.0,[0 2][1][5],1.25,1000,16,2,0.995075667879965,random_mc2_n6_mid3_d1000_05_mr098_r10_48.uai,8,4,4
0,5.333333333333333,,([0  1  2  3  4  5  6]  [(5 0)  (1 2)  (6 3)  (1 4)]),1.0,([0  1  2  3  4  5  6]  [(2 0)  (5 0)  (1 2)  (0 3)  (4 3)  (6 3)  (1 4)]),3,[5][1][6],([0  2  3  4]  [(2 0)  (0 3)  (4 3)]),1,2.0,[0][2 4][3],0.75,1000,8,1,0.998815633933014,random_mc2_n5_mid3_d1000_05_mr098_r10_95.uai,7,4,3
0,19.0,3.0,([0  1  2  3  4  5]  [(2 0)  (2 1)  (4 3)  (4 5)]),1.3333333333333333,([0  1  2  3  4  5]  [(2 0)  (2 1)  (3 1)  (0 3)  (4 3)  (0 5)  (1 5)  (4 5)]),2,[2][4],([0  1  3  5]  [(3 1)  (0 3)  (0 5)  (1 5)]),1,2.0,[0 1][3 5],1.0,2000,30,1,0.9977706087807706,random_mc2_n6_mid3_d1000_05_mr098_r10_73.uai,6,4,3
0,7.2,,([0  1  2  3  4  5  6  7  8  9  10]  [(7 0)  (4 1)  (8 2)  (4 3)  (9 5)  (10 6)]),1.3636363636363635,([0  1  2  3  4  5  6  7  8  9  10]  [(1 0)  (7 0)  (4 1)  (3 2)  (5 2)  (8 2)  (0 3)  (1 3)  (4 3)  (1 5)  (9 5)  (0 6)  (2 6)  (3 6)  (10 6)]),5,[7][4][8][9][10],([0  1  2  3  5  6]  [(1 0)  (3 2)  (5 2)  (0 3)  (1 3)  (1 5)  (0 6)  (2 6)  (3 6)]),1,,[0][1 3][2][5][6],1.5,1000,16,1,0.9517189421178176,random_mc2_n7_mid3_d1000_05_mr098_r10_5.uai,11,6,5
0,10.0,2.0,([0  1  2  3  4  5]  [(4 0)  (4 2)  (1 3)  (1 5)]),1.1666666666666667,([0  1  2  3  4  5]  [(2 0)  (4 0)  (3 2)  (4 2)  (1 3)  (1 5)  (2 5)]),2,[4][1],([0  2  3  5]  [(2 0)  (3 2)  (2 5)]),1,1.0,[0 2][3 5],0.75,1000,12,1,0.9874602950717772,random_mc2_n6_mid3_d1000_05_mr098_r10_44.uai,6,4,4
0,5.6,3.0,([0  1  2  3  4  5  6  7  8  9  10]  [(4 0)  (7 1)  (4 2)  (8 3)  (9 5)  (10 6)]),1.181818181818182,([0  1  2  3  4  5  6  7  8  9  10]  [(4 0)  (0 1)  (7 1)  (0 2)  (4 2)  (5 2)  (0 3)  (8 3)  (1 5)  (6 5)  (9 5)  (1 6)  (10 6)]),5,[4][7][8][9][10],([0  1  2  3  5  6]  [(0 1)  (0 2)  (5 2)  (0 3)  (1 5)  (6 5)  (1 6)]),1,2.0,[0 2][1][3][5][6],1.1666666666666667,2500,8,1,0.997967005365369,random_mc2_n7_mid3_d1000_05_mr098_r10_20.uai,11,6,4
0,12.666666666666666,3.0,([0  1  2  3  4  5]  [(4 0)  (3 1)  (4 1)  (5 2)]),1.1666666666666667,([0  1  2  3  4  5]  [(1 0)  (2 0)  (4 0)  (3 1)  (4 1)  (1 2)  (5 2)]),3,[3 4][5],([0  1  2]  [(1 0)  (2 0)  (1 2)]),2,2.0,[0 1][2],1.0,1000,32,2,0.9951019511213984,random_mc2_n5_mid3_d1000_05_mr098_r10_9.uai,6,3,4
0,3.5,2.0,([0  1  2  3  4  5  6  7]  [(5 1)  (6 2)  (0 3)  (7 4)]),0.875,([0  1  2  3  4  5  6  7]  [(3 1)  (5 1)  (3 2)  (6 2)  (0 3)  (2 4)  (7 4)]),4,[0][5][6][7],([1  2  3  4]  [(3 1)  (3 2)  (2 4)]),1,1.0,[3][1][2][4],0.75,1000,4,0,0.9819295166659984,random_mc2_n5_mid3_d1000_05_mr098_r10_86.uai,8,4,3
0,5.0,3.0,([0  1  2  3  4  5  6  7  8]  [(6 0)  (3 1)  (3 2)  (7 4)  (8 5)]),1.1111111111111112,([0  1  2  3  4  5  6  7  8]  [(4 0)  (6 0)  (3 1)  (0 2)  (1 2)  (3 2)  (1 4)  (7 4)  (4 5)  (8 5)]),4,[6][3][7][8],([0  1  2  4  5]  [(4 0)  (0 2)  (1 2)  (1 4)  (4 5)]),1,2.0,[0][1 2][4][5],1.0,1000,8,1,0.9975145744299466,random_mc2_n6_mid3_d1000_05_mr098_r10_27.uai,9,5,4
0,10.0,3.0,([0  1  2  3  4  5  6  7  8]  [(6 0)  (7 1)  (3 2)  (8 4)  (3 5)]),1.2222222222222223,([0  1  2  3  4  5  6  7  8]  [(2 0)  (5 0)  (6 0)  (4 1)  (5 1)  (7 1)  (3 2)  (5 4)  (8 4)  (2 5)  (3 5)]),4,[6][7][3][8],([0  1  2  4  5]  [(2 0)  (5 0)  (4 1)  (5 1)  (5 4)  (2 5)]),1,2.0,[0][1][2 5][4],1.2,1000,16,1,0.991301430175518,random_mc2_n6_mid3_d1000_05_mr098_r10_60.uai,9,5,5
0,11.0,3.0,([0  1  2  3  4  5  6  7  8]  [(3 0)  (6 1)  (7 2)  (8 4)  (3 5)]),1.2222222222222223,([0  1  2  3  4  5  6  7  8]  [(1 0)  (3 0)  (2 1)  (5 1)  (6 1)  (4 2)  (5 2)  (7 2)  (5 4)  (8 4)  (3 5)]),4,[3][6][7][8],([0  1  2  4  5]  [(1 0)  (2 1)  (5 1)  (4 2)  (5 2)  (5 4)]),1,2.0,[0 5][1][2][4],1.2,1000,16,1,0.98343649193451,random_mc2_n6_mid3_d1000_05_mr098_r10_57.uai,9,5,4
0,3.5,2.0,([0  1  2  3  4]  [(3 0)  (4 1)  (3 2)]),1.0,([0  1  2  3  4]  [(3 0)  (0 1)  (4 1)  (0 2)  (3 2)]),2,[3][4],([0  1  2]  [(0 1)  (0 2)]),1,1.0,[0 2][1],0.6666666666666666,1000,4,1,0.9989378510687976,random_mc2_n5_mid3_d1000_05_mr098_r10_78.uai,5,3,3
0,6.5,3.0,([0  1  2  3  4  5  6]  [(3 1)  (0 4)  (6 4)  (0 5)  (2 5)]),1.0,([0  1  2  3  4  5  6]  [(3 1)  (0 4)  (1 4)  (6 4)  (0 5)  (1 5)  (2 5)]),4,[0 2 6][3],([1  4  5]  [(1 4)  (1 5)]),2,1.0,[4 5][1],0.6666666666666666,1000,16,2,0.9952606267220688,random_mc2_n7_mid3_d1000_05_mr098_r10_85.uai,7,3,3
0,7.0,3.0,([0  1  2  3  4  5  6  7  8  9  10  11]  [(7 0)  (9 1)  (10 2)  (7 4)  (3 5)  (3 6)  (11 8)]),1.25,([0  1  2  3  4  5  6  7  8  9  10  11]  [(1 0)  (2 0)  (7 0)  (5 1)  (6 1)  (9 1)  (5 2)  (10 2)  (7 4)  (3 5)  (2 6)  (3 6)  (5 6)  (2 8)  (11 8)]),5,[7][9][10][3][11],([0  1  2  4  5  6  8]  [(1 0)  (2 0)  (5 1)  (6 1)  (5 2)  (2 6)  (5 6)  (2 8)]),1,3.0,[0 4][1][2][5 6][8],1.1428571428571428,2000,16,1,0.9846945585915652,random_mc2_n9_mid3_d1000_05_mr098_r10_12.uai,12,7,5
0,10.0,3.0,([0  1  2  3  4  5]  [(5 1)  (5 2)  (0 3)  (0 4)]),1.1666666666666667,([0  1  2  3  4  5]  [(3 1)  (5 1)  (1 2)  (3 2)  (5 2)  (0 3)  (0 4)]),2,[0][5],([1  2  3  4]  [(3 1)  (1 2)  (3 2)]),1,2.0,[3 4][1 2],0.75,1000,16,1,0.9808092807133516,random_mc2_n6_mid3_d1000_05_mr098_r10_28.uai,6,4,3
0,5.333333333333333,2.0,([0  1  2  3  4  5  6]  [(0 1)  (0 2)  (5 3)  (6 4)]),1.0,([0  1  2  3  4  5  6]  [(0 1)  (0 2)  (4 2)  (4 3)  (5 3)  (1 4)  (6 4)]),3,[0][5][6],([1  2  3  4]  [(4 2)  (4 3)  (1 4)]),1,1.0,[1 2][3][4],0.75,1000,8,1,0.992337916420154,random_mc2_n5_mid3_d1000_05_mr098_r10_89.uai,7,4,4
0,4.0,2.0,([0  1  2  3  4  5]  [(2 0)  (4 0)  (2 1)  (4 1)  (5 3)]),1.0,([0  1  2  3  4  5]  [(2 0)  (4 0)  (2 1)  (4 1)  (1 3)  (5 3)]),3,[2 4][5],([0  1  3]  [(1 3)]),2,1.0,[0 1][3],0.3333333333333333,1000,4,2,0.9987778570631328,random_mc2_n5_mid3_d1000_05_mr098_r10_40.uai,6,3,3
0,48.0,,([0  1  2  3  4  5  6  7  8  9  10  11  12]  [(9 0)  (10 2)  (11 3)  (1 5)  (12 6)  (1 7)  (4 7)  (4 8)]),1.2307692307692308,([0  1  2  3  4  5  6  7  8  9  10  11  12]  [(2 0)  (3 0)  (8 0)  (9 0)  (3 2)  (8 2)  (10 2)  (5 3)  (11 3)  (1 5)  (7 6)  (12 6)  (1 7)  (4 7)  (4 8)  (7 8)]),6,[9][1 4][10][11][12],([0  2  3  5  6  7  8]  [(2 0)  (3 0)  (8 0)  (3 2)  (8 2)  (5 3)  (7 6)  (7 8)]),2,3.0,[0][5 7 8][2][3][6],1.1428571428571428,1000,256,2,0.9886183667492576,random_mc2_n9_mid3_d1000_05_mr098_r10_25.uai,13,7,4
0,4.0,2.0,([0  1  2  3  4  5  6]  [(1 0)  (5 2)  (1 3)  (6 4)]),1.0,([0  1  2  3  4  5  6]  [(1 0)  (3 2)  (5 2)  (0 3)  (1 3)  (2 4)  (6 4)]),3,[1][5][6],([0  2  3  4]  [(3 2)  (0 3)  (2 4)]),1,1.0,[0 3][2][4],0.75,1000,4,1,0.9940449592290412,random_mc2_n5_mid3_d1000_05_mr098_r10_77.uai,7,4,3
0,8.0,3.0,([0  1  2  3  4  5  6  7  8  9]  [(0 1)  (8 2)  (4 3)  (9 5)  (4 6)  (0 7)]),1.2,([0  1  2  3  4  5  6  7  8  9]  [(0 1)  (7 1)  (3 2)  (8 2)  (4 3)  (3 5)  (6 5)  (9 5)  (1 6)  (3 6)  (4 6)  (0 7)]),4,[0][8][4][9],([1  2  3  5  6  7]  [(7 1)  (3 2)  (3 5)  (6 5)  (1 6)  (3 6)]),1,2.0,[1 7][2][3 6][5],1.0,1500,16,1,0.9951947161509374,random_mc2_n8_mid3_d1000_05_mr098_r10_88.uai,10,6,4
0,6.0,4.0,([0  1  2  3  4  5  6  7  8]  [(3 0)  (3 1)  (6 2)  (7 4)  (8 5)]),1.3333333333333333,([0  1  2  3  4  5  6  7  8]  [(3 0)  (2 1)  (3 1)  (0 2)  (6 2)  (0 4)  (5 4)  (7 4)  (0 5)  (1 5)  (2 5)  (8 5)]),4,[3][6][7][8],([0  1  2  4  5]  [(2 1)  (0 2)  (0 4)  (5 4)  (0 5)  (1 5)  (2 5)]),1,3.0,[0 1][2][4][5],1.4,2000,8,1,0.9837094445635914,random_mc2_n6_mid3_d1000_05_mr098_r10_91.uai,9,5,5
0,5.0,3.0,([0  1  2  3  4  5]  [(1 2)  (0 3)  (1 4)  (0 5)]),1.0,([0  1  2  3  4  5]  [(1 2)  (4 2)  (5 2)  (0 3)  (1 4)  (0 5)]),2,[0][1],([2  3  4  5]  [(4 2)  (5 2)]),1,2.0,[3 5][2 4],0.5,2500,6,1,0.9878052044189404,random_mc2_n6_mid3_d1000_05_mr098_r10_58.uai,6,4,3
0,5.0,2.0,([0  1  2  3  4]  [(3 0)  (3 1)  (4 2)]),0.8,([0  1  2  3  4]  [(3 0)  (2 1)  (3 1)  (4 2)]),2,[3][4],([0  1  2]  [(2 1)]),1,1.0,[0 1][2],0.3333333333333333,1000,8,1,0.9922412596434866,random_mc2_n5_mid3_d1000_05_mr098_r10_53.uai,5,3,2
0,36.0,3.0,([0  1  2  3  4]  [(2 0)  (2 1)  (4 1)  (4 3)]),1.4,([0  1  2  3  4]  [(1 0)  (2 0)  (3 0)  (2 1)  (3 1)  (4 1)  (4 3)]),2,[2 4],([0  1  3]  [(1 0)  (3 0)  (3 1)]),2,2.0,[0 1 3],1.0,2500,64,2,0.9974275421483216,random_mc2_n5_mid3_d1000_05_mr098_r10_14.uai,5,3,4
0,5.0,2.0,([0  1  2  3  4]  [(2 0)  (2 1)  (3 4)]),1.0,([0  1  2  3  4]  [(2 0)  (4 0)  (2 1)  (4 1)  (3 4)]),2,[2][3],([0  1  4]  [(4 0)  (4 1)]),1,1.0,[0 1][4],0.6666666666666666,1000,8,1,0.997316488667262,random_mc2_n5_mid3_d1000_05_mr098_r10_23.uai,5,3,3
0,6.0,3.0,([0  1  2  3  4  5]  [(5 0)  (2 3)  (1 4)  (2 4)]),1.0,([0  1  2  3  4  5]  [(5 0)  (2 3)  (4 3)  (0 4)  (1 4)  (2 4)]),3,[5][1 2],([0  3  4]  [(4 3)  (0 4)]),2,1.0,[0][3 4],0.6666666666666666,1000,12,2,0.9993109549728044,random_mc2_n6_mid3_d1000_05_mr098_r10_82.uai,6,3,4
